[{"stream_name":"stdout","time":1.509438512,"data":"$ git clone --depth 1 -b feat/core-pipeline https://github.com/HgNam123456/kltn.git /kaggle/working/kltn\n"}
,{"stream_name":"stderr","time":1.566593012,"data":"Cloning into '/kaggle/working/kltn'...\n"}
,{"stream_name":"stdout","time":3.271416802,"data":"data: /kaggle/input/datasets/ngocnam2005/kgu-emerge-data\n"}
,{"stream_name":"stdout","time":3.327051699,"data":"$ git clone --depth 1 https://github.com/ggml-org/llama.cpp /kaggle/working/llama.cpp\n"}
,{"stream_name":"stderr","time":3.329829745,"data":"Cloning into '/kaggle/working/llama.cpp'...\n"}
,{"stream_name":"stdout","time":9.252600419,"data":"libcuda: /usr/local/nvidia/lib64/libcuda.so\n"}
,{"stream_name":"stdout","time":9.252646084,"data":"$ cmake -S /kaggle/working/llama.cpp -B /kaggle/working/llama.cpp/build -DGGML_CUDA=ON -DLLAMA_CURL=OFF -DCMAKE_CUDA_ARCHITECTURES=native -DBUILD_SHARED_LIBS=OFF -DCMAKE_BUILD_TYPE=Release -DCUDAToolkit_ROOT=/usr/local/cuda -DCMAKE_LIBRARY_PATH=/usr/local/nvidia/lib64 -DCUDA_cuda_driver_LIBRARY=/usr/local/nvidia/lib64/libcuda.so\n"}
,{"stream_name":"stdout","time":10.400834047,"data":"-- The C compiler identification is GNU 11.4.0\n"}
,{"stream_name":"stdout","time":10.785639014000001,"data":"-- The CXX compiler identification is GNU 11.4.0\n"}
,{"stream_name":"stdout","time":10.824305429,"data":"-- Detecting C compiler ABI info\n"}
,{"stream_name":"stdout","time":10.943822782,"data":"-- Detecting C compiler ABI info - done\n"}
,{"stream_name":"stdout","time":10.964235719,"data":"-- Check for working C compiler: /usr/bin/cc - skipped\n"}
,{"stream_name":"stdout","time":10.965841608,"data":"-- Detecting C compile features\n"}
,{"stream_name":"stdout","time":10.967657041,"data":"-- Detecting C compile features - done\n"}
,{"stream_name":"stdout","time":10.998328517000001,"data":"-- Detecting CXX compiler ABI info\n"}
,{"stream_name":"stdout","time":11.091624383,"data":"-- Detecting CXX compiler ABI info - done\n"}
,{"stream_name":"stdout","time":11.113096703,"data":"-- Check for working CXX compiler: /usr/bin/c++ - skipped\n"}
,{"stream_name":"stdout","time":11.113680314,"data":"-- Detecting CXX compile features\n"}
,{"stream_name":"stdout","time":11.114590681,"data":"-- Detecting CXX compile features - done\n"}
,{"stream_name":"stdout","time":11.128537706,"data":"-- llama.cpp version: 0.4.1-dev\n"}
,{"stream_name":"stderr","time":11.128604073,"data":"CMAKE_BUILD_TYPE=Release\n"}
,{"stream_name":"stdout","time":11.13726919,"data":"-- Found Git: /usr/bin/git (found version \"2.34.1\")\n"}
,{"stream_name":"stdout","time":11.168737404,"data":"-- The ASM compiler identification is GNU\n"}
,{"stream_name":"stdout","time":11.172506471,"data":"-- Found assembler: /usr/bin/cc\n"}
,{"stream_name":"stdout","time":11.200603466,"data":"-- Performing Test CMAKE_HAVE_LIBC_PTHREAD\n"}
,{"stream_name":"stdout","time":11.321503633,"data":"-- Performing Test CMAKE_HAVE_LIBC_PTHREAD - Success\n"}
,{"stream_name":"stdout","time":11.323004268,"data":"-- Found Threads: TRUE\n"}
,{"stream_name":"stdout","time":11.337932775,"data":"-- Warning: ccache not found - consider installing it for faster compilation or disable this warning with GGML_CCACHE=OFF\n"}
,{"stream_name":"stdout","time":11.361216112,"data":"-- CMAKE_SYSTEM_PROCESSOR: x86_64\n"}
,{"stream_name":"stdout","time":11.361300925,"data":"-- GGML_SYSTEM_ARCH: x86\n"}
,{"stream_name":"stdout","time":11.676351523,"data":"-- Found OpenMP_C: -fopenmp (found version \"4.5\")\n"}
,{"stream_name":"stdout","time":11.768607438,"data":"-- Found OpenMP_CXX: -fopenmp (found version \"4.5\")\n"}
,{"stream_name":"stdout","time":11.769140661,"data":"-- Found OpenMP: TRUE (found version \"4.5\")\n"}
,{"stream_name":"stdout","time":11.771267243,"data":"-- Including CPU backend\n"}
,{"stream_name":"stdout","time":11.773384934,"data":"-- x86 detected\n"}
,{"stream_name":"stdout","time":11.773400602,"data":"-- Adding CPU backend variant ggml-cpu: -march=native \n"}
,{"stream_name":"stdout","time":11.839956104,"data":"-- Found CUDAToolkit: /usr/local/cuda/targets/x86_64-linux/include (found version \"12.8.93\")\n"}
,{"stream_name":"stdout","time":11.933881008,"data":"-- CUDA Toolkit found\n"}
,{"stream_name":"stdout","time":14.647246524,"data":"-- The CUDA compiler identification is NVIDIA 12.8.93 with host compiler GNU 11.4.0\n"}
,{"stream_name":"stdout","time":14.670971695,"data":"-- Detecting CUDA compiler ABI info\n"}
,{"stream_name":"stdout","time":21.839341909,"data":"-- Detecting CUDA compiler ABI info - done\n"}
,{"stream_name":"stdout","time":21.981794202,"data":"-- Check for working CUDA compiler: /usr/local/cuda/bin/nvcc - skipped\n"}
,{"stream_name":"stdout","time":22.348302507,"data":"-- Detecting CUDA compile features\n"}
,{"stream_name":"stdout","time":22.349151361,"data":"-- Detecting CUDA compile features - done\n"}
,{"stream_name":"stdout","time":22.363717263,"data":"-- Using CMAKE_CUDA_ARCHITECTURES=75-real CMAKE_CUDA_ARCHITECTURES_NATIVE=75-real\n"}
,{"stream_name":"stdout","time":22.365317972,"data":"-- FlashAttention K-V type combinations: f16-f16;q4_0-q4_0;q8_0-q8_0;bf16-bf16\n"}
,{"stream_name":"stdout","time":22.370835316,"data":"-- Found NCCL: /usr/lib/x86_64-linux-gnu/libnccl.so\n"}
,{"stream_name":"stdout","time":22.409704344,"data":"-- CUDA host compiler is GNU 11.4.0\n"}
,{"stream_name":"stdout","time":22.410112597,"data":"-- Including CUDA backend\n"}
,{"stream_name":"stdout","time":22.422216447,"data":"-- ggml version: 0.25.0\n"}
,{"stream_name":"stdout","time":22.422233512,"data":"-- ggml commit:  42916d8\n"}
,{"stream_name":"stdout","time":22.538713536,"data":"-- Found OpenSSL: /usr/lib/x86_64-linux-gnu/libcrypto.so (found version \"3.0.2\")\n"}
,{"stream_name":"stdout","time":22.539396453,"data":"-- Performing Test OPENSSL_VERSION_SUPPORTED\n"}
,{"stream_name":"stdout","time":22.611150574,"data":"-- Performing Test OPENSSL_VERSION_SUPPORTED - Success\n"}
,{"stream_name":"stdout","time":22.611244051,"data":"-- OpenSSL found: 3.0.2\n"}
,{"stream_name":"stdout","time":22.675800956,"data":"-- Generating embedded license file for target: llama-app\n"}
,{"stream_name":"stdout","time":22.68610278,"data":"-- Configuring done (12.9s)\n"}
,{"stream_name":"stdout","time":23.313907362,"data":"-- Generating done (0.6s)\n"}
,{"stream_name":"stdout","time":23.314822284,"data":"-- Build files have been written to: /kaggle/working/llama.cpp/build\n"}
,{"stream_name":"stdout","time":23.332347437,"data":"$ cmake --build /kaggle/working/llama.cpp/build --target llama-server -j $(nproc)\n"}
,{"stream_name":"stdout","time":23.566867836,"data":"[  0%] Building CXX object vendor/hash/CMakeFiles/vendor-hash.dir/hash.cpp.o\n"}
,{"stream_name":"stdout","time":23.566902186,"data":"[  1%] Building C object ggml/src/CMakeFiles/ggml-base.dir/ggml.c.o\n"}
,{"stream_name":"stdout","time":23.567423847,"data":"[  1%] Building CXX object vendor/cpp-httplib/CMakeFiles/cpp-httplib.dir/httplib.cpp.o\n"}
,{"stream_name":"stdout","time":23.568952528,"data":"[  1%] Building CXX object common/CMakeFiles/llama-common-base.dir/build-info.cpp.o\n"}
,{"stream_name":"stdout","time":23.981391181,"data":"[  1%] Building C object vendor/hash/CMakeFiles/vendor-hash.dir/xxhash/xxhash.c.o\n"}
,{"stream_name":"stdout","time":24.013843397,"data":"[  3%] Linking CXX static library libllama-common-base.a\n"}
,{"stream_name":"stdout","time":24.04710474,"data":"[  3%] Built target llama-common-base\n"}
,{"stream_name":"stdout","time":24.054161172,"data":"[  3%] Building CXX object ggml/src/CMakeFiles/ggml-base.dir/ggml.cpp.o\n"}
,{"stream_name":"stdout","time":24.453677741,"data":"[  3%] Provisioning UI assets\n"}
,{"stream_name":"stdout","time":24.462428619,"data":"-- UI: downloading from b1: https://huggingface.co/buckets/ggml-org/llama-ui/resolve/b1/dist.tar.gz\n"}
,{"stream_name":"stdout","time":24.657648376,"data":"-- UI: download dist.tar.gz.sha256 from b1 failed: \"HTTP response code said error\"\n"}
,{"stream_name":"stdout","time":24.657907678,"data":"-- UI: downloading from latest: https://huggingface.co/buckets/ggml-org/llama-ui/resolve/latest/dist.tar.gz\n"}
,{"stream_name":"stdout","time":25.757992104,"data":"[  3%] Building CXX object vendor/hash/CMakeFiles/vendor-hash.dir/sha1/sha1.c.o\n"}
,{"stream_name":"stdout","time":25.818015433,"data":"-- UI: archive verified and extracted\n"}
,{"stream_name":"stdout","time":25.818409983,"data":"-- UI: HF download succeeded, stamp updated (ggml-org/llama-ui|b1, resolved: latest)\n"}
,{"stream_name":"stdout","time":26.169696268,"data":"[  3%] Building C object vendor/hash/CMakeFiles/vendor-hash.dir/sha256/sha256.c.o\n"}
,{"stream_name":"stdout","time":26.508950727,"data":"-- UI: gzip compression applied (/kaggle/working/llama.cpp/build/tools/ui/ui-gzip/_gzip)\n"}
,{"stream_name":"stdout","time":26.560961308,"data":"[  4%] Linking CXX static library libvendor-hash.a\n"}
,{"stream_name":"stdout","time":26.589314153,"data":"[  4%] Built target vendor-hash\n"}
,{"stream_name":"stdout","time":26.594852301,"data":"[  4%] Building C object ggml/src/CMakeFiles/ggml-base.dir/ggml-alloc.c.o\n"}
,{"stream_name":"stdout","time":27.345593722,"data":"[  4%] Building CXX object ggml/src/CMakeFiles/ggml-base.dir/ggml-backend.cpp.o\n"}
,{"stream_name":"stdout","time":27.512791382,"data":"[  4%] Building CXX object ggml/src/CMakeFiles/ggml-base.dir/ggml-backend-meta.cpp.o\n"}
,{"stream_name":"stdout","time":30.177033611,"data":"[  4%] Building CXX object ggml/src/CMakeFiles/ggml-base.dir/ggml-opt.cpp.o\n"}
,{"stream_name":"stdout","time":32.300141396,"data":"[  6%] Building CXX object ggml/src/CMakeFiles/ggml-base.dir/ggml-threading.cpp.o\n"}
,{"stream_name":"stdout","time":32.772465383,"data":"[  6%] Building C object ggml/src/CMakeFiles/ggml-base.dir/ggml-quants.c.o\n"}
,{"stream_name":"stdout","time":34.987686835,"data":"[  6%] Building CXX object ggml/src/CMakeFiles/ggml-base.dir/gguf.cpp.o\n"}
,{"stream_name":"stdout","time":37.651586216,"data":"-- UI: embedded 70 assets\n"}
,{"stream_name":"stdout","time":37.666077702,"data":"[  6%] Built target llama-ui-assets\n"}
,{"stream_name":"stdout","time":37.681790524,"data":"[  6%] Building CXX object tools/ui/CMakeFiles/llama-ui.dir/ui.cpp.o\n"}
,{"stream_name":"stdout","time":44.756215417,"data":"[  6%] Linking CXX static library libggml-base.a\n"}
,{"stream_name":"stdout","time":44.799942837,"data":"[  6%] Built target ggml-base\n"}
,{"stream_name":"stdout","time":44.81836184,"data":"[  6%] Building C object ggml/src/CMakeFiles/ggml-cpu.dir/ggml-cpu/ggml-cpu.c.o\n"}
,{"stream_name":"stdout","time":44.828013355,"data":"[  6%] Building CUDA object ggml/src/ggml-cuda/CMakeFiles/ggml-cuda.dir/acc.cu.o\n"}
,{"stream_name":"stdout","time":45.88742118,"data":"[  6%] Linking CXX static library libllama-ui.a\n"}
,{"stream_name":"stdout","time":45.931453886,"data":"[  6%] Built target llama-ui\n"}
,{"stream_name":"stdout","time":45.936972688,"data":"[  8%] Building CUDA object ggml/src/ggml-cuda/CMakeFiles/ggml-cuda.dir/add-id.cu.o\n"}
,{"stream_name":"stdout","time":46.59610333,"data":"[  9%] Building CXX object ggml/src/CMakeFiles/ggml-cpu.dir/ggml-cpu/ggml-cpu.cpp.o\n"}
,{"stream_name":"stdout","time":48.241497761,"data":"[  9%] Building CXX object ggml/src/CMakeFiles/ggml-cpu.dir/ggml-cpu/repack.cpp.o\n"}
,{"stream_name":"stdout","time":51.908604215,"data":"[  9%] Building CXX object ggml/src/CMakeFiles/ggml-cpu.dir/ggml-cpu/iqp.cpp.o\n"}
,{"stream_name":"stdout","time":52.972369604,"data":"[  9%] Building CUDA object ggml/src/ggml-cuda/CMakeFiles/ggml-cuda.dir/allreduce.cu.o\n"}
,{"stream_name":"stdout","time":54.062369894,"data":"[  9%] Building CUDA object ggml/src/ggml-cuda/CMakeFiles/ggml-cuda.dir/arange.cu.o\n"}
,{"stream_name":"stdout","time":60.801016767,"data":"[  9%] Building CUDA object ggml/src/ggml-cuda/CMakeFiles/ggml-cuda.dir/argmax.cu.o\n"}
,{"stream_name":"stdout","time":61.515670587,"data":"[  9%] Building CUDA object ggml/src/ggml-cuda/CMakeFiles/ggml-cuda.dir/argsort.cu.o\n"}
,{"stream_name":"stdout","time":61.821964117,"data":"[  9%] Building CXX object ggml/src/CMakeFiles/ggml-cpu.dir/ggml-cpu/hbm.cpp.o\n"}
,{"stream_name":"stdout","time":61.887829246,"data":"[  9%] Building C object ggml/src/CMakeFiles/ggml-cpu.dir/ggml-cpu/quants.c.o\n"}
,{"stream_name":"stdout","time":61.934345045,"data":"[  9%] Linking CXX static library libcpp-httplib.a\n"}
,{"stream_name":"stdout","time":61.988733042,"data":"[  9%] Built target cpp-httplib\n"}
,{"stream_name":"stdout","time":61.994895579,"data":"[  9%] Building CXX object ggml/src/CMakeFiles/ggml-cpu.dir/ggml-cpu/traits.cpp.o\n"}
,{"stream_name":"stdout","time":62.97632706,"data":"[  9%] Building CUDA object ggml/src/ggml-cuda/CMakeFiles/ggml-cuda.dir/binbcast.cu.o\n"}
,{"stream_name":"stdout","time":64.610553537,"data":"[ 11%] Building CXX object ggml/src/CMakeFiles/ggml-cpu.dir/ggml-cpu/amx/amx.cpp.o\n"}
,{"stream_name":"stdout","time":65.876620036,"data":"[ 11%] Building CXX object ggml/src/CMakeFiles/ggml-cpu.dir/ggml-cpu/amx/mmq.cpp.o\n"}
,{"stream_name":"stdout","time":67.168636949,"data":"[ 11%] Building CXX object ggml/src/CMakeFiles/ggml-cpu.dir/ggml-cpu/binary-ops.cpp.o\n"}
,{"stream_name":"stdout","time":67.914070387,"data":"[ 11%] Building CXX object ggml/src/CMakeFiles/ggml-cpu.dir/ggml-cpu/unary-ops.cpp.o\n"}
,{"stream_name":"stdout","time":71.001927817,"data":"[ 12%] Building CUDA object ggml/src/ggml-cuda/CMakeFiles/ggml-cuda.dir/clamp.cu.o\n"}
,{"stream_name":"stdout","time":72.939383023,"data":"[ 12%] Building CXX object ggml/src/CMakeFiles/ggml-cpu.dir/ggml-cpu/vec.cpp.o\n"}
,{"stream_name":"stdout","time":74.196452416,"data":"[ 12%] Building CXX object ggml/src/CMakeFiles/ggml-cpu.dir/ggml-cpu/ops.cpp.o\n"}
,{"stream_name":"stdout","time":78.241568305,"data":"[ 14%] Building CXX object ggml/src/CMakeFiles/ggml-cpu.dir/ggml-cpu/llamafile/sgemm.cpp.o\n"}
,{"stream_name":"stdout","time":87.95044674,"data":"[ 14%] Building CUDA object ggml/src/ggml-cuda/CMakeFiles/ggml-cuda.dir/col2im-1d.cu.o\n"}
,{"stream_name":"stdout","time":89.087823977,"data":"[ 14%] Building C object ggml/src/CMakeFiles/ggml-cpu.dir/ggml-cpu/arch/x86/quants.c.o\n"}
,{"stream_name":"stdout","time":90.820045328,"data":"[ 14%] Building CXX object ggml/src/CMakeFiles/ggml-cpu.dir/ggml-cpu/arch/x86/repack.cpp.o\n"}
,{"stream_name":"stdout","time":95.043019339,"data":"[ 14%] Building CUDA object ggml/src/ggml-cuda/CMakeFiles/ggml-cuda.dir/concat.cu.o\n"}
,{"stream_name":"stdout","time":100.232702752,"data":"[ 14%] Linking CXX static library libggml-cpu.a\n"}
,{"stream_name":"stdout","time":100.286075813,"data":"[ 14%] Built target ggml-cpu\n"}
,{"stream_name":"stdout","time":100.291379859,"data":"[ 14%] Building CUDA object ggml/src/ggml-cuda/CMakeFiles/ggml-cuda.dir/conv-transpose-1d.cu.o\n"}
,{"stream_name":"stdout","time":105.30070209,"data":"[ 14%] Building CUDA object ggml/src/ggml-cuda/CMakeFiles/ggml-cuda.dir/conv2d-dw.cu.o\n"}
,{"stream_name":"stdout","time":107.493699694,"data":"[ 14%] Building CUDA object ggml/src/ggml-cuda/CMakeFiles/ggml-cuda.dir/conv2d-transpose.cu.o\n"}
,{"stream_name":"stdout","time":109.914968491,"data":"[ 16%] Building CUDA object ggml/src/ggml-cuda/CMakeFiles/ggml-cuda.dir/conv2d.cu.o\n"}
,{"stream_name":"stdout","time":112.330787979,"data":"[ 16%] Building CUDA object ggml/src/ggml-cuda/CMakeFiles/ggml-cuda.dir/convert.cu.o\n"}
,{"stream_name":"stdout","time":114.858081676,"data":"[ 16%] Building CUDA object ggml/src/ggml-cuda/CMakeFiles/ggml-cuda.dir/count-equal.cu.o\n"}
,{"stream_name":"stdout","time":120.703128375,"data":"[ 16%] Building CUDA object ggml/src/ggml-cuda/CMakeFiles/ggml-cuda.dir/cpy.cu.o\n"}
,{"stream_name":"stdout","time":121.614238644,"data":"[ 16%] Building CUDA object ggml/src/ggml-cuda/CMakeFiles/ggml-cuda.dir/cross-entropy-loss.cu.o\n"}
,{"stream_name":"stdout","time":124.757985492,"data":"[ 17%] Building CUDA object ggml/src/ggml-cuda/CMakeFiles/ggml-cuda.dir/cumsum.cu.o\n"}
,{"stream_name":"stdout","time":128.998411259,"data":"[ 17%] Building CUDA object ggml/src/ggml-cuda/CMakeFiles/ggml-cuda.dir/diag.cu.o\n"}
,{"stream_name":"stdout","time":132.226848901,"data":"[ 17%] Building CUDA object ggml/src/ggml-cuda/CMakeFiles/ggml-cuda.dir/diagmask.cu.o\n"}
,{"stream_name":"stdout","time":136.011701443,"data":"[ 17%] Building CUDA object ggml/src/ggml-cuda/CMakeFiles/ggml-cuda.dir/dsv4-hc.cu.o\n"}
,{"stream_name":"stdout","time":139.050523215,"data":"[ 17%] Building CUDA object ggml/src/ggml-cuda/CMakeFiles/ggml-cuda.dir/fattn-tile.cu.o\n"}
,{"stream_name":"stdout","time":139.512139598,"data":"[ 17%] Building CUDA object ggml/src/ggml-cuda/CMakeFiles/ggml-cuda.dir/fattn.cu.o\n"}
,{"stream_name":"stdout","time":141.756963191,"data":"[ 19%] Building CUDA object ggml/src/ggml-cuda/CMakeFiles/ggml-cuda.dir/fill.cu.o\n"}
,{"stream_name":"stdout","time":143.561153759,"data":"[ 19%] Building CUDA object ggml/src/ggml-cuda/CMakeFiles/ggml-cuda.dir/fwht.cu.o\n"}
,{"stream_name":"stdout","time":146.160197837,"data":"[ 19%] Building CUDA object ggml/src/ggml-cuda/CMakeFiles/ggml-cuda.dir/gated_delta_net.cu.o\n"}
,{"stream_name":"stdout","time":148.810145446,"data":"[ 19%] Building CUDA object ggml/src/ggml-cuda/CMakeFiles/ggml-cuda.dir/getrows.cu.o\n"}
,{"stream_name":"stdout","time":151.115241189,"data":"[ 19%] Building CUDA object ggml/src/ggml-cuda/CMakeFiles/ggml-cuda.dir/ggml-cuda.cu.o\n"}
,{"stream_name":"stdout","time":155.438434605,"data":"[ 19%] Building CUDA object ggml/src/ggml-cuda/CMakeFiles/ggml-cuda.dir/gla.cu.o\n"}
,{"stream_name":"stdout","time":163.042319175,"data":"[ 20%] Building CUDA object ggml/src/ggml-cuda/CMakeFiles/ggml-cuda.dir/im2col.cu.o\n"}
,{"stream_name":"stderr","time":165.173204012,"data":"In static member function ‘static _Tp* std::__copy_move\u003c_IsMove, true, std::random_access_iterator_tag\u003e::__copy_m(const _Tp*, const _Tp*, _Tp*) [with _Tp = ggml_op; bool _IsMove = false]’,\n"}
,{"stream_name":"stderr","time":165.17324675,"data":"    inlined from ‘_OI std::__copy_move_a2(_II, _II, _OI) [with bool _IsMove = false; _II = const ggml_op*; _OI = ggml_op*]’ at /usr/include/c++/11/bits/stl_algobase.h:494:141,\n"}
,{"stream_name":"stderr","time":165.17325344,"data":"    inlined from ‘_OI std::__copy_move_a1(_II, _II, _OI) [with bool _IsMove = false; _II = const ggml_op*; _OI = ggml_op*]’ at /usr/include/c++/11/bits/stl_algobase.h:522:40,\n"}
,{"stream_name":"stderr","time":165.173259266,"data":"    inlined from ‘_OI std::__copy_move_a(_II, _II, _OI) [with bool _IsMove = false; _II = const ggml_op*; _OI = ggml_op*]’ at /usr/include/c++/11/bits/stl_algobase.h:529:25,\n"}
,{"stream_name":"stderr","time":165.173279025,"data":"    inlined from ‘_OI std::copy(_II, _II, _OI) [with _II = const ggml_op*; _OI = ggml_op*]’ at /usr/include/c++/11/bits/stl_algobase.h:619:64,\n"}
,{"stream_name":"stderr","time":165.173283636,"data":"    inlined from ‘static _ForwardIterator std::__uninitialized_copy\u003ctrue\u003e::__uninit_copy(_InputIterator, _InputIterator, _ForwardIterator) [with _InputIterator = const ggml_op*; _ForwardIterator = ggml_op*]’ at /usr/include/c++/11/bits/stl_uninitialized.h:110:19,\n"}
,{"stream_name":"stderr","time":165.173288602,"data":"    inlined from ‘_ForwardIterator std::uninitialized_copy(_InputIterator, _InputIterator, _ForwardIterator) [with _InputIterator = const ggml_op*; _ForwardIterator = ggml_op*]’ at /usr/include/c++/11/bits/stl_uninitialized.h:148:131,\n"}
,{"stream_name":"stderr","time":165.173292838,"data":"    inlined from ‘_ForwardIterator std::__uninitialized_copy_a(_InputIterator, _InputIterator, _ForwardIterator, std::allocator\u003c_Tp\u003e\u0026) [with _InputIterator = const ggml_op*; _ForwardIterator = ggml_op*; _Tp = ggml_op]’ at /usr/include/c++/11/bits/stl_uninitialized.h:333:33,\n"}
,{"stream_name":"stderr","time":165.17329758,"data":"    inlined from ‘void std::vector\u003c_Tp, _Alloc\u003e::_M_range_insert(std::vector\u003c_Tp, _Alloc\u003e::iterator, _ForwardIterator, _ForwardIterator, std::forward_iterator_tag) [with _ForwardIterator = const ggml_op*; _Tp = ggml_op; _Alloc = std::allocator\u003cggml_op\u003e]’ at /usr/include/c++/11/bits/vector.tcc:751:28,\n"}
,{"stream_name":"stderr","time":165.17330378,"data":"    inlined from ‘std::vector\u003c_Tp, _Alloc\u003e::iterator std::vector\u003c_Tp, _Alloc\u003e::insert(std::vector\u003c_Tp, _Alloc\u003e::const_iterator, std::initializer_list\u003c_Tp\u003e) [with _Tp = ggml_op; _Alloc = std::allocator\u003cggml_op\u003e]’ at /usr/include/c++/11/bits/stl_vector.h:1313:16,\n"}
,{"stream_name":"stderr","time":165.173308976,"data":"    inlined from ‘int ggml_cuda_try_fuse(ggml_backend_cuda_context*, ggml_cgraph*, int)’ at /kaggle/working/llama.cpp/ggml/src/ggml-cuda/ggml-cuda.cu:3506:11:\n"}
,{"stream_name":"stderr","time":165.173313362,"data":"/usr/include/c++/11/bits/stl_algobase.h:431:25: warning: ‘void* __builtin_memcpy(void*, const void*, long unsigned int)’ writing 20 bytes into a region of size 4 overflows the destination [-Wstringop-overflow=]\n"}
,{"stream_name":"stderr","time":165.173317708,"data":"  431 |             __builtin_memmove(__result, __first, sizeof(_Tp) * _Num);\n"}
,{"stream_name":"stderr","time":165.173326365,"data":"      |             ~~~~~~~~~~~~^~~~~~~~~~~~~~~~~~~~~~~~~~~~~~~~~~~~~~~\n"}
,{"stream_name":"stderr","time":165.173888392,"data":"/usr/include/c++/11/ext/new_allocator.h: In function ‘int ggml_cuda_try_fuse(ggml_backend_cuda_context*, ggml_cgraph*, int)’:\n"}
,{"stream_name":"stderr","time":165.17392154,"data":"/usr/include/c++/11/ext/new_allocator.h:127:49: note: at offset [24, 28] into destination object of size [24, 28] allocated by ‘operator new’\n"}
,{"stream_name":"stderr","time":165.173926684,"data":"  127 |         return static_cast\u003c_Tp*\u003e(::operator new(__n * sizeof(_Tp)));\n"}
,{"stream_name":"stderr","time":165.173931278,"data":"      |                                   ~~~~~~~~~~~~~~^~~~~~~~~~~~~~~~~~~\n"}
,{"stream_name":"stderr","time":165.174056056,"data":"/usr/include/c++/11/ext/new_allocator.h:127:49: note: at offset [20, 24] into destination object of size [20, 24] allocated by ‘operator new’\n"}
,{"stream_name":"stderr","time":165.174066026,"data":"  127 |         return static_cast\u003c_Tp*\u003e(::operator new(__n * sizeof(_Tp)));\n"}
,{"stream_name":"stderr","time":165.174069936,"data":"      |                                   ~~~~~~~~~~~~~~^~~~~~~~~~~~~~~~~~~\n"}
,{"stream_name":"stdout","time":166.960573459,"data":"[ 20%] Building CUDA object ggml/src/ggml-cuda/CMakeFiles/ggml-cuda.dir/lightning-indexer.cu.o\n"}
,{"stream_name":"stderr","time":167.736880492,"data":"In static member function ‘static _Tp* std::__copy_move\u003c_IsMove, true, std::random_access_iterator_tag\u003e::__copy_m(const _Tp*, const _Tp*, _Tp*) [with _Tp = ggml_op; bool _IsMove = false]’,\n"}
,{"stream_name":"stderr","time":167.736908903,"data":"    inlined from ‘_OI std::__copy_move_a2(_II, _II, _OI) [with bool _IsMove = false; _II = const ggml_op*; _OI = ggml_op*]’ at /usr/include/c++/11/bits/stl_algobase.h:494:141,\n"}
,{"stream_name":"stderr","time":167.736914102,"data":"    inlined from ‘_OI std::__copy_move_a1(_II, _II, _OI) [with bool _IsMove = false; _II = const ggml_op*; _OI = ggml_op*]’ at /usr/include/c++/11/bits/stl_algobase.h:522:40,\n"}
,{"stream_name":"stderr","time":167.736936106,"data":"    inlined from ‘_OI std::__copy_move_a(_II, _II, _OI) [with bool _IsMove = false; _II = const ggml_op*; _OI = ggml_op*]’ at /usr/include/c++/11/bits/stl_algobase.h:529:25,\n"}
,{"stream_name":"stderr","time":167.736940407,"data":"    inlined from ‘_OI std::copy(_II, _II, _OI) [with _II = const ggml_op*; _OI = ggml_op*]’ at /usr/include/c++/11/bits/stl_algobase.h:619:64,\n"}
,{"stream_name":"stderr","time":167.736944539,"data":"    inlined from ‘static _ForwardIterator std::__uninitialized_copy\u003ctrue\u003e::__uninit_copy(_InputIterator, _InputIterator, _ForwardIterator) [with _InputIterator = const ggml_op*; _ForwardIterator = ggml_op*]’ at /usr/include/c++/11/bits/stl_uninitialized.h:110:19,\n"}
,{"stream_name":"stderr","time":167.736948955,"data":"    inlined from ‘_ForwardIterator std::uninitialized_copy(_InputIterator, _InputIterator, _ForwardIterator) [with _InputIterator = const ggml_op*; _ForwardIterator = ggml_op*]’ at /usr/include/c++/11/bits/stl_uninitialized.h:148:131,\n"}
,{"stream_name":"stderr","time":167.736953209,"data":"    inlined from ‘_ForwardIterator std::__uninitialized_copy_a(_InputIterator, _InputIterator, _ForwardIterator, std::allocator\u003c_Tp\u003e\u0026) [with _InputIterator = const ggml_op*; _ForwardIterator = ggml_op*; _Tp = ggml_op]’ at /usr/include/c++/11/bits/stl_uninitialized.h:333:33,\n"}
,{"stream_name":"stderr","time":167.736957669,"data":"    inlined from ‘void std::vector\u003c_Tp, _Alloc\u003e::_M_range_insert(std::vector\u003c_Tp, _Alloc\u003e::iterator, _ForwardIterator, _ForwardIterator, std::forward_iterator_tag) [with _ForwardIterator = const ggml_op*; _Tp = ggml_op; _Alloc = std::allocator\u003cggml_op\u003e]’ at /usr/include/c++/11/bits/vector.tcc:751:28,\n"}
,{"stream_name":"stderr","time":167.736963629,"data":"    inlined from ‘std::vector\u003c_Tp, _Alloc\u003e::iterator std::vector\u003c_Tp, _Alloc\u003e::insert(std::vector\u003c_Tp, _Alloc\u003e::const_iterator, std::initializer_list\u003c_Tp\u003e) [with _Tp = ggml_op; _Alloc = std::allocator\u003cggml_op\u003e]’ at /usr/include/c++/11/bits/stl_vector.h:1313:16,\n"}
,{"stream_name":"stderr","time":167.736968712,"data":"    inlined from ‘void ggml_backend_cuda_graph_optimize(ggml_backend_t, ggml_cgraph*, ggml_backend_graph_optimize_params*)’ at /kaggle/working/llama.cpp/ggml/src/ggml-cuda/ggml-cuda.cu:4573:11:\n"}
,{"stream_name":"stderr","time":167.736972856,"data":"/usr/include/c++/11/bits/stl_algobase.h:431:25: warning: ‘void* __builtin_memcpy(void*, const void*, long unsigned int)’ writing 20 bytes into a region of size 4 overflows the destination [-Wstringop-overflow=]\n"}
,{"stream_name":"stderr","time":167.736976843,"data":"  431 |             __builtin_memmove(__result, __first, sizeof(_Tp) * _Num);\n"}
,{"stream_name":"stderr","time":167.736980503,"data":"      |             ~~~~~~~~~~~~^~~~~~~~~~~~~~~~~~~~~~~~~~~~~~~~~~~~~~~\n"}
,{"stream_name":"stderr","time":167.737138566,"data":"/usr/include/c++/11/ext/new_allocator.h: In function ‘void ggml_backend_cuda_graph_optimize(ggml_backend_t, ggml_cgraph*, ggml_backend_graph_optimize_params*)’:\n"}
,{"stream_name":"stderr","time":167.737145876,"data":"/usr/include/c++/11/ext/new_allocator.h:127:49: note: at offset [24, 28] into destination object of size [24, 28] allocated by ‘operator new’\n"}
,{"stream_name":"stderr","time":167.737149999,"data":"  127 |         return static_cast\u003c_Tp*\u003e(::operator new(__n * sizeof(_Tp)));\n"}
,{"stream_name":"stderr","time":167.737153897,"data":"      |                                   ~~~~~~~~~~~~~~^~~~~~~~~~~~~~~~~~~\n"}
,{"stream_name":"stderr","time":167.737265592,"data":"/usr/include/c++/11/ext/new_allocator.h:127:49: note: at offset [20, 24] into destination object of size [20, 24] allocated by ‘operator new’\n"}
,{"stream_name":"stderr","time":167.737272116,"data":"  127 |         return static_cast\u003c_Tp*\u003e(::operator new(__n * sizeof(_Tp)));\n"}
,{"stream_name":"stderr","time":167.737276572,"data":"      |                                   ~~~~~~~~~~~~~~^~~~~~~~~~~~~~~~~~~\n"}
,{"stream_name":"stdout","time":168.575838481,"data":"[ 20%] Building CUDA object ggml/src/ggml-cuda/CMakeFiles/ggml-cuda.dir/mean.cu.o\n"}
,{"stream_name":"stdout","time":170.53895147,"data":"[ 20%] Building CUDA object ggml/src/ggml-cuda/CMakeFiles/ggml-cuda.dir/mmf.cu.o\n"}
,{"stream_name":"stdout","time":177.901244996,"data":"[ 20%] Building CUDA object ggml/src/ggml-cuda/CMakeFiles/ggml-cuda.dir/mmid.cu.o\n"}
,{"stream_name":"stdout","time":181.567422478,"data":"[ 22%] Building CUDA object ggml/src/ggml-cuda/CMakeFiles/ggml-cuda.dir/mmq.cu.o\n"}
,{"stream_name":"stdout","time":183.457806688,"data":"[ 22%] Building CUDA object ggml/src/ggml-cuda/CMakeFiles/ggml-cuda.dir/mmvf.cu.o\n"}
,{"stream_name":"stdout","time":185.000558518,"data":"[ 22%] Building CUDA object ggml/src/ggml-cuda/CMakeFiles/ggml-cuda.dir/mmvq.cu.o\n"}
,{"stream_name":"stdout","time":186.315197623,"data":"[ 22%] Building CUDA object ggml/src/ggml-cuda/CMakeFiles/ggml-cuda.dir/moe-weighted-reduction.cu.o\n"}
,{"stream_name":"stdout","time":193.265826772,"data":"[ 22%] Building CUDA object ggml/src/ggml-cuda/CMakeFiles/ggml-cuda.dir/norm.cu.o\n"}
,{"stream_name":"stdout","time":201.62082917,"data":"[ 22%] Building CUDA object ggml/src/ggml-cuda/CMakeFiles/ggml-cuda.dir/opt-step-adamw.cu.o\n"}
,{"stream_name":"stdout","time":202.120685999,"data":"[ 24%] Building CUDA object ggml/src/ggml-cuda/CMakeFiles/ggml-cuda.dir/opt-step-sgd.cu.o\n"}
,{"stream_name":"stdout","time":208.424542872,"data":"[ 24%] Building CUDA object ggml/src/ggml-cuda/CMakeFiles/ggml-cuda.dir/out-prod.cu.o\n"}
,{"stream_name":"stdout","time":208.926941206,"data":"[ 24%] Building CUDA object ggml/src/ggml-cuda/CMakeFiles/ggml-cuda.dir/pad.cu.o\n"}
,{"stream_name":"stdout","time":215.422884057,"data":"[ 24%] Building CUDA object ggml/src/ggml-cuda/CMakeFiles/ggml-cuda.dir/pad_reflect_1d.cu.o\n"}
,{"stream_name":"stdout","time":215.863496446,"data":"[ 24%] Building CUDA object ggml/src/ggml-cuda/CMakeFiles/ggml-cuda.dir/pool1d.cu.o\n"}
,{"stream_name":"stdout","time":222.277788793,"data":"[ 24%] Building CUDA object ggml/src/ggml-cuda/CMakeFiles/ggml-cuda.dir/pool2d.cu.o\n"}
,{"stream_name":"stdout","time":222.767612176,"data":"[ 25%] Building CUDA object ggml/src/ggml-cuda/CMakeFiles/ggml-cuda.dir/quantize.cu.o\n"}
,{"stream_name":"stdout","time":229.218874019,"data":"[ 25%] Building CUDA object ggml/src/ggml-cuda/CMakeFiles/ggml-cuda.dir/roll.cu.o\n"}
,{"stream_name":"stdout","time":232.937693217,"data":"[ 25%] Building CUDA object ggml/src/ggml-cuda/CMakeFiles/ggml-cuda.dir/rope.cu.o\n"}
,{"stream_name":"stdout","time":235.865373398,"data":"[ 25%] Building CUDA object ggml/src/ggml-cuda/CMakeFiles/ggml-cuda.dir/scale.cu.o\n"}
,{"stream_name":"stdout","time":242.805241548,"data":"[ 25%] Building CUDA object ggml/src/ggml-cuda/CMakeFiles/ggml-cuda.dir/set-rows.cu.o\n"}
,{"stream_name":"stdout","time":245.791591114,"data":"[ 27%] Building CUDA object ggml/src/ggml-cuda/CMakeFiles/ggml-cuda.dir/set.cu.o\n"}
,{"stream_name":"stdout","time":252.495076619,"data":"[ 27%] Building CUDA object ggml/src/ggml-cuda/CMakeFiles/ggml-cuda.dir/snake.cu.o\n"}
,{"stream_name":"stdout","time":253.20213135,"data":"[ 27%] Building CUDA object ggml/src/ggml-cuda/CMakeFiles/ggml-cuda.dir/softcap.cu.o\n"}
,{"stream_name":"stdout","time":255.210112482,"data":"[ 27%] Building CUDA object ggml/src/ggml-cuda/CMakeFiles/ggml-cuda.dir/softmax.cu.o\n"}
,{"stream_name":"stdout","time":259.393274783,"data":"[ 27%] Building CUDA object ggml/src/ggml-cuda/CMakeFiles/ggml-cuda.dir/solve_tri.cu.o\n"}
,{"stream_name":"stdout","time":259.976350355,"data":"[ 27%] Building CUDA object ggml/src/ggml-cuda/CMakeFiles/ggml-cuda.dir/ssm-conv.cu.o\n"}
,{"stream_name":"stdout","time":267.42577352,"data":"[ 29%] Building CUDA object ggml/src/ggml-cuda/CMakeFiles/ggml-cuda.dir/ssm-scan.cu.o\n"}
,{"stream_name":"stdout","time":270.467288656,"data":"[ 29%] Building CUDA object ggml/src/ggml-cuda/CMakeFiles/ggml-cuda.dir/sum.cu.o\n"}
,{"stream_name":"stdout","time":271.817998216,"data":"[ 29%] Building CUDA object ggml/src/ggml-cuda/CMakeFiles/ggml-cuda.dir/sumrows.cu.o\n"}
,{"stream_name":"stdout","time":278.896500386,"data":"[ 29%] Building CUDA object ggml/src/ggml-cuda/CMakeFiles/ggml-cuda.dir/top-k.cu.o\n"}
,{"stream_name":"stdout","time":282.375365284,"data":"[ 29%] Building CUDA object ggml/src/ggml-cuda/CMakeFiles/ggml-cuda.dir/topk-moe.cu.o\n"}
,{"stream_name":"stdout","time":285.165364366,"data":"[ 29%] Building CUDA object ggml/src/ggml-cuda/CMakeFiles/ggml-cuda.dir/tri.cu.o\n"}
,{"stream_name":"stdout","time":285.792447889,"data":"[ 30%] Building CUDA object ggml/src/ggml-cuda/CMakeFiles/ggml-cuda.dir/tsembd.cu.o\n"}
,{"stream_name":"stdout","time":292.691414166,"data":"[ 30%] Building CUDA object ggml/src/ggml-cuda/CMakeFiles/ggml-cuda.dir/unary.cu.o\n"}
,{"stream_name":"stdout","time":292.735714961,"data":"[ 30%] Building CUDA object ggml/src/ggml-cuda/CMakeFiles/ggml-cuda.dir/upscale.cu.o\n"}
,{"stream_name":"stdout","time":292.85566545,"data":"[ 30%] Building CUDA object ggml/src/ggml-cuda/CMakeFiles/ggml-cuda.dir/wkv.cu.o\n"}
,{"stream_name":"stdout","time":295.09623847,"data":"[ 30%] Building CUDA object ggml/src/ggml-cuda/CMakeFiles/ggml-cuda.dir/template-instances/fattn-tile-instance-dkq112-dv112.cu.o\n"}
,{"stream_name":"stdout","time":299.941607058,"data":"[ 32%] Building CUDA object ggml/src/ggml-cuda/CMakeFiles/ggml-cuda.dir/template-instances/fattn-tile-instance-dkq128-dv128.cu.o\n"}
,{"stream_name":"stdout","time":301.876846007,"data":"[ 32%] Building CUDA object ggml/src/ggml-cuda/CMakeFiles/ggml-cuda.dir/template-instances/fattn-tile-instance-dkq192-dv128.cu.o\n"}
,{"stream_name":"stdout","time":303.434524771,"data":"[ 32%] Building CUDA object ggml/src/ggml-cuda/CMakeFiles/ggml-cuda.dir/template-instances/fattn-tile-instance-dkq256-dv256.cu.o\n"}
,{"stream_name":"stdout","time":330.320346548,"data":"[ 32%] Building CUDA object ggml/src/ggml-cuda/CMakeFiles/ggml-cuda.dir/template-instances/fattn-tile-instance-dkq320-dv256.cu.o\n"}
,{"stream_name":"stdout","time":333.258680205,"data":"[ 32%] Building CUDA object ggml/src/ggml-cuda/CMakeFiles/ggml-cuda.dir/template-instances/fattn-tile-instance-dkq40-dv40.cu.o\n"}
,{"stream_name":"stdout","time":343.21016343,"data":"[ 32%] Building CUDA object ggml/src/ggml-cuda/CMakeFiles/ggml-cuda.dir/template-instances/fattn-tile-instance-dkq512-dv512.cu.o\n"}
,{"stream_name":"stdout","time":358.771879277,"data":"[ 33%] Building CUDA object ggml/src/ggml-cuda/CMakeFiles/ggml-cuda.dir/template-instances/fattn-tile-instance-dkq576-dv512.cu.o\n"}
,{"stream_name":"stdout","time":363.507655217,"data":"[ 33%] Building CUDA object ggml/src/ggml-cuda/CMakeFiles/ggml-cuda.dir/template-instances/fattn-tile-instance-dkq64-dv64.cu.o\n"}
,{"stream_name":"stdout","time":394.458329595,"data":"[ 33%] Building CUDA object ggml/src/ggml-cuda/CMakeFiles/ggml-cuda.dir/template-instances/fattn-tile-instance-dkq72-dv72.cu.o\n"}
,{"stream_name":"stdout","time":401.524935381,"data":"[ 33%] Building CUDA object ggml/src/ggml-cuda/CMakeFiles/ggml-cuda.dir/template-instances/fattn-tile-instance-dkq80-dv80.cu.o\n"}
,{"stream_name":"stdout","time":405.117829634,"data":"[ 33%] Building CUDA object ggml/src/ggml-cuda/CMakeFiles/ggml-cuda.dir/template-instances/fattn-tile-instance-dkq96-dv96.cu.o\n"}
,{"stream_name":"stdout","time":415.195248316,"data":"[ 33%] Building CUDA object ggml/src/ggml-cuda/CMakeFiles/ggml-cuda.dir/template-instances/fattn-mma-f16-instance-ncols1_1-ncols2_16.cu.o\n"}
,{"stream_name":"stdout","time":430.122228986,"data":"[ 35%] Building CUDA object ggml/src/ggml-cuda/CMakeFiles/ggml-cuda.dir/template-instances/fattn-mma-f16-instance-ncols1_1-ncols2_32.cu.o\n"}
,{"stream_name":"stdout","time":436.537106115,"data":"[ 35%] Building CUDA object ggml/src/ggml-cuda/CMakeFiles/ggml-cuda.dir/template-instances/fattn-mma-f16-instance-ncols1_1-ncols2_8.cu.o\n"}
,{"stream_name":"stdout","time":441.449176954,"data":"[ 35%] Building CUDA object ggml/src/ggml-cuda/CMakeFiles/ggml-cuda.dir/template-instances/fattn-mma-f16-instance-ncols1_16-ncols2_1.cu.o\n"}
,{"stream_name":"stdout","time":452.051865939,"data":"[ 35%] Building CUDA object ggml/src/ggml-cuda/CMakeFiles/ggml-cuda.dir/template-instances/fattn-mma-f16-instance-ncols1_16-ncols2_2.cu.o\n"}
,{"stream_name":"stdout","time":455.402840135,"data":"[ 35%] Building CUDA object ggml/src/ggml-cuda/CMakeFiles/ggml-cuda.dir/template-instances/fattn-mma-f16-instance-ncols1_16-ncols2_4.cu.o\n"}
,{"stream_name":"stdout","time":470.923722438,"data":"[ 37%] Building CUDA object ggml/src/ggml-cuda/CMakeFiles/ggml-cuda.dir/template-instances/fattn-mma-f16-instance-ncols1_2-ncols2_16.cu.o\n"}
,{"stream_name":"stdout","time":491.405964523,"data":"[ 37%] Building CUDA object ggml/src/ggml-cuda/CMakeFiles/ggml-cuda.dir/template-instances/fattn-mma-f16-instance-ncols1_2-ncols2_32.cu.o\n"}
,{"stream_name":"stdout","time":501.087476907,"data":"[ 37%] Building CUDA object ggml/src/ggml-cuda/CMakeFiles/ggml-cuda.dir/template-instances/fattn-mma-f16-instance-ncols1_2-ncols2_4.cu.o\n"}
,{"stream_name":"stdout","time":501.122855959,"data":"[ 37%] Building CUDA object ggml/src/ggml-cuda/CMakeFiles/ggml-cuda.dir/template-instances/fattn-mma-f16-instance-ncols1_2-ncols2_8.cu.o\n"}
,{"stream_name":"stdout","time":525.413171922,"data":"[ 37%] Building CUDA object ggml/src/ggml-cuda/CMakeFiles/ggml-cuda.dir/template-instances/fattn-mma-f16-instance-ncols1_32-ncols2_1.cu.o\n"}
,{"stream_name":"stdout","time":525.514589762,"data":"[ 37%] Building CUDA object ggml/src/ggml-cuda/CMakeFiles/ggml-cuda.dir/template-instances/fattn-mma-f16-instance-ncols1_32-ncols2_2.cu.o\n"}
,{"stream_name":"stdout","time":540.083688429,"data":"[ 38%] Building CUDA object ggml/src/ggml-cuda/CMakeFiles/ggml-cuda.dir/template-instances/fattn-mma-f16-instance-ncols1_4-ncols2_16.cu.o\n"}
,{"stream_name":"stdout","time":549.611517722,"data":"[ 38%] Building CUDA object ggml/src/ggml-cuda/CMakeFiles/ggml-cuda.dir/template-instances/fattn-mma-f16-instance-ncols1_4-ncols2_2.cu.o\n"}
,{"stream_name":"stdout","time":571.584368246,"data":"[ 38%] Building CUDA object ggml/src/ggml-cuda/CMakeFiles/ggml-cuda.dir/template-instances/fattn-mma-f16-instance-ncols1_4-ncols2_4.cu.o\n"}
,{"stream_name":"stdout","time":571.623247391,"data":"[ 38%] Building CUDA object ggml/src/ggml-cuda/CMakeFiles/ggml-cuda.dir/template-instances/fattn-mma-f16-instance-ncols1_4-ncols2_8.cu.o\n"}
,{"stream_name":"stdout","time":597.395473846,"data":"[ 38%] Building CUDA object ggml/src/ggml-cuda/CMakeFiles/ggml-cuda.dir/template-instances/fattn-mma-f16-instance-ncols1_64-ncols2_1.cu.o\n"}
,{"stream_name":"stdout","time":611.265308031,"data":"[ 38%] Building CUDA object ggml/src/ggml-cuda/CMakeFiles/ggml-cuda.dir/template-instances/fattn-mma-f16-instance-ncols1_8-ncols2_1.cu.o\n"}
,{"stream_name":"stdout","time":612.581694443,"data":"[ 40%] Building CUDA object ggml/src/ggml-cuda/CMakeFiles/ggml-cuda.dir/template-instances/fattn-mma-f16-instance-ncols1_8-ncols2_2.cu.o\n"}
,{"stream_name":"stdout","time":646.828376827,"data":"[ 40%] Building CUDA object ggml/src/ggml-cuda/CMakeFiles/ggml-cuda.dir/template-instances/fattn-mma-f16-instance-ncols1_8-ncols2_4.cu.o\n"}
,{"stream_name":"stdout","time":647.826629657,"data":"[ 40%] Building CUDA object ggml/src/ggml-cuda/CMakeFiles/ggml-cuda.dir/template-instances/fattn-mma-f16-instance-ncols1_8-ncols2_8.cu.o\n"}
,{"stream_name":"stdout","time":663.33944073,"data":"[ 40%] Building CUDA object ggml/src/ggml-cuda/CMakeFiles/ggml-cuda.dir/template-instances/mmq-instance-iq1_s.cu.o\n"}
,{"stream_name":"stdout","time":678.955996905,"data":"[ 40%] Building CUDA object ggml/src/ggml-cuda/CMakeFiles/ggml-cuda.dir/template-instances/mmq-instance-iq2_s.cu.o\n"}
,{"stream_name":"stdout","time":680.641130898,"data":"[ 41%] Building CUDA object ggml/src/ggml-cuda/CMakeFiles/ggml-cuda.dir/template-instances/mmq-instance-iq2_xs.cu.o\n"}
,{"stream_name":"stdout","time":724.659799341,"data":"[ 41%] Building CUDA object ggml/src/ggml-cuda/CMakeFiles/ggml-cuda.dir/template-instances/mmq-instance-iq2_xxs.cu.o\n"}
,{"stream_name":"stdout","time":727.278392191,"data":"[ 41%] Building CUDA object ggml/src/ggml-cuda/CMakeFiles/ggml-cuda.dir/template-instances/mmq-instance-iq3_s.cu.o\n"}
,{"stream_name":"stdout","time":747.683413326,"data":"[ 41%] Building CUDA object ggml/src/ggml-cuda/CMakeFiles/ggml-cuda.dir/template-instances/mmq-instance-iq3_xxs.cu.o\n"}
,{"stream_name":"stdout","time":747.827451738,"data":"[ 41%] Building CUDA object ggml/src/ggml-cuda/CMakeFiles/ggml-cuda.dir/template-instances/mmq-instance-iq4_nl.cu.o\n"}
,{"stream_name":"stdout","time":784.519123454,"data":"[ 41%] Building CUDA object ggml/src/ggml-cuda/CMakeFiles/ggml-cuda.dir/template-instances/mmq-instance-iq4_xs.cu.o\n"}
,{"stream_name":"stdout","time":789.570794812,"data":"[ 43%] Building CUDA object ggml/src/ggml-cuda/CMakeFiles/ggml-cuda.dir/template-instances/mmq-instance-mxfp4.cu.o\n"}
,{"stream_name":"stdout","time":807.821884556,"data":"[ 43%] Building CUDA object ggml/src/ggml-cuda/CMakeFiles/ggml-cuda.dir/template-instances/mmq-instance-nvfp4.cu.o\n"}
,{"stream_name":"stdout","time":808.347076191,"data":"[ 43%] Building CUDA object ggml/src/ggml-cuda/CMakeFiles/ggml-cuda.dir/template-instances/mmq-instance-q1_0.cu.o\n"}
,{"stream_name":"stdout","time":843.697204248,"data":"[ 43%] Building CUDA object ggml/src/ggml-cuda/CMakeFiles/ggml-cuda.dir/template-instances/mmq-instance-q2_0.cu.o\n"}
,{"stream_name":"stdout","time":852.32681745,"data":"[ 43%] Building CUDA object ggml/src/ggml-cuda/CMakeFiles/ggml-cuda.dir/template-instances/mmq-instance-q2_k.cu.o\n"}
,{"stream_name":"stdout","time":867.034182822,"data":"[ 43%] Building CUDA object ggml/src/ggml-cuda/CMakeFiles/ggml-cuda.dir/template-instances/mmq-instance-q3_k.cu.o\n"}
,{"stream_name":"stdout","time":879.071406175,"data":"[ 45%] Building CUDA object ggml/src/ggml-cuda/CMakeFiles/ggml-cuda.dir/template-instances/mmq-instance-q4_0.cu.o\n"}
,{"stream_name":"stdout","time":901.451334729,"data":"[ 45%] Building CUDA object ggml/src/ggml-cuda/CMakeFiles/ggml-cuda.dir/template-instances/mmq-instance-q4_1.cu.o\n"}
,{"stream_name":"stdout","time":935.695337768,"data":"[ 45%] Building CUDA object ggml/src/ggml-cuda/CMakeFiles/ggml-cuda.dir/template-instances/mmq-instance-q4_k.cu.o\n"}
,{"stream_name":"stdout","time":935.782527038,"data":"[ 45%] Building CUDA object ggml/src/ggml-cuda/CMakeFiles/ggml-cuda.dir/template-instances/mmq-instance-q5_0.cu.o\n"}
,{"stream_name":"stdout","time":939.628336996,"data":"[ 45%] Building CUDA object ggml/src/ggml-cuda/CMakeFiles/ggml-cuda.dir/template-instances/mmq-instance-q5_1.cu.o\n"}
,{"stream_name":"stdout","time":961.293404415,"data":"[ 46%] Building CUDA object ggml/src/ggml-cuda/CMakeFiles/ggml-cuda.dir/template-instances/mmq-instance-q5_k.cu.o\n"}
,{"stream_name":"stdout","time":996.673651863,"data":"[ 46%] Building CUDA object ggml/src/ggml-cuda/CMakeFiles/ggml-cuda.dir/template-instances/mmq-instance-q6_k.cu.o\n"}
,{"stream_name":"stdout","time":1001.231510681,"data":"[ 46%] Building CUDA object ggml/src/ggml-cuda/CMakeFiles/ggml-cuda.dir/template-instances/mmq-instance-q8_0.cu.o\n"}
,{"stream_name":"stdout","time":1004.178587414,"data":"[ 46%] Building CUDA object ggml/src/ggml-cuda/CMakeFiles/ggml-cuda.dir/template-instances/mmf-instance-ncols_1.cu.o\n"}
,{"stream_name":"stdout","time":1024.702030753,"data":"[ 46%] Building CUDA object ggml/src/ggml-cuda/CMakeFiles/ggml-cuda.dir/template-instances/mmf-instance-ncols_10.cu.o\n"}
,{"stream_name":"stdout","time":1028.669548824,"data":"[ 46%] Building CUDA object ggml/src/ggml-cuda/CMakeFiles/ggml-cuda.dir/template-instances/mmf-instance-ncols_11.cu.o\n"}
,{"stream_name":"stdout","time":1055.438122716,"data":"[ 48%] Building CUDA object ggml/src/ggml-cuda/CMakeFiles/ggml-cuda.dir/template-instances/mmf-instance-ncols_12.cu.o\n"}
,{"stream_name":"stdout","time":1059.329850619,"data":"[ 48%] Building CUDA object ggml/src/ggml-cuda/CMakeFiles/ggml-cuda.dir/template-instances/mmf-instance-ncols_13.cu.o\n"}
,{"stream_name":"stdout","time":1060.748587435,"data":"[ 48%] Building CUDA object ggml/src/ggml-cuda/CMakeFiles/ggml-cuda.dir/template-instances/mmf-instance-ncols_14.cu.o\n"}
,{"stream_name":"stdout","time":1068.378874998,"data":"[ 48%] Building CUDA object ggml/src/ggml-cuda/CMakeFiles/ggml-cuda.dir/template-instances/mmf-instance-ncols_15.cu.o\n"}
,{"stream_name":"stdout","time":1086.174687599,"data":"[ 48%] Building CUDA object ggml/src/ggml-cuda/CMakeFiles/ggml-cuda.dir/template-instances/mmf-instance-ncols_16.cu.o\n"}
,{"stream_name":"stdout","time":1090.460419963,"data":"[ 48%] Building CUDA object ggml/src/ggml-cuda/CMakeFiles/ggml-cuda.dir/template-instances/mmf-instance-ncols_2.cu.o\n"}
,{"stream_name":"stdout","time":1091.654216678,"data":"[ 50%] Building CUDA object ggml/src/ggml-cuda/CMakeFiles/ggml-cuda.dir/template-instances/mmf-instance-ncols_3.cu.o\n"}
,{"stream_name":"stdout","time":1099.824738737,"data":"[ 50%] Building CUDA object ggml/src/ggml-cuda/CMakeFiles/ggml-cuda.dir/template-instances/mmf-instance-ncols_4.cu.o\n"}
,{"stream_name":"stdout","time":1116.158565807,"data":"[ 50%] Building CUDA object ggml/src/ggml-cuda/CMakeFiles/ggml-cuda.dir/template-instances/mmf-instance-ncols_5.cu.o\n"}
,{"stream_name":"stdout","time":1117.700537994,"data":"[ 50%] Building CUDA object ggml/src/ggml-cuda/CMakeFiles/ggml-cuda.dir/template-instances/mmf-instance-ncols_6.cu.o\n"}
,{"stream_name":"stdout","time":1118.019505018,"data":"[ 50%] Building CUDA object ggml/src/ggml-cuda/CMakeFiles/ggml-cuda.dir/template-instances/mmf-instance-ncols_7.cu.o\n"}
,{"stream_name":"stdout","time":1126.423424524,"data":"[ 51%] Building CUDA object ggml/src/ggml-cuda/CMakeFiles/ggml-cuda.dir/template-instances/mmf-instance-ncols_8.cu.o\n"}
,{"stream_name":"stdout","time":1143.20483252,"data":"[ 51%] Building CUDA object ggml/src/ggml-cuda/CMakeFiles/ggml-cuda.dir/template-instances/mmf-instance-ncols_9.cu.o\n"}
,{"stream_name":"stdout","time":1144.958912582,"data":"[ 51%] Building CUDA object ggml/src/ggml-cuda/CMakeFiles/ggml-cuda.dir/template-instances/fattn-vec-instance-f16-f16.cu.o\n"}
,{"stream_name":"stdout","time":1145.88280958,"data":"[ 51%] Building CUDA object ggml/src/ggml-cuda/CMakeFiles/ggml-cuda.dir/template-instances/fattn-vec-instance-q4_0-q4_0.cu.o\n"}
,{"stream_name":"stdout","time":1154.54526332,"data":"[ 51%] Building CUDA object ggml/src/ggml-cuda/CMakeFiles/ggml-cuda.dir/template-instances/fattn-vec-instance-q8_0-q8_0.cu.o\n"}
,{"stream_name":"stdout","time":1165.901600548,"data":"[ 51%] Building CUDA object ggml/src/ggml-cuda/CMakeFiles/ggml-cuda.dir/template-instances/fattn-vec-instance-bf16-bf16.cu.o\n"}
,{"stream_name":"stdout","time":1182.631858588,"data":"[ 53%] Linking CXX static library libggml-cuda.a\n"}
,{"stream_name":"stdout","time":1183.065857551,"data":"[ 53%] Built target ggml-cuda\n"}
,{"stream_name":"stdout","time":1183.078580544,"data":"[ 53%] Building CXX object ggml/src/CMakeFiles/ggml.dir/ggml-backend-dl.cpp.o\n"}
,{"stream_name":"stdout","time":1183.079327312,"data":"[ 53%] Building CXX object ggml/src/CMakeFiles/ggml.dir/ggml-backend-reg.cpp.o\n"}
,{"stream_name":"stdout","time":1184.555726102,"data":"[ 53%] Linking CXX static library libggml.a\n"}
,{"stream_name":"stdout","time":1184.57530861,"data":"[ 53%] Built target ggml\n"}
,{"stream_name":"stdout","time":1184.590881362,"data":"[ 53%] Building CXX object src/CMakeFiles/llama.dir/Unity/unity_9_cxx.cxx.o\n"}
,{"stream_name":"stdout","time":1184.591555946,"data":"[ 53%] Building CXX object src/CMakeFiles/llama.dir/Unity/unity_8_cxx.cxx.o\n"}
,{"stream_name":"stdout","time":1184.592015301,"data":"[ 53%] Building CXX object src/CMakeFiles/llama.dir/Unity/unity_7_cxx.cxx.o\n"}
,{"stream_name":"stdout","time":1184.593114219,"data":"[ 54%] Building CXX object src/CMakeFiles/llama.dir/Unity/unity_6_cxx.cxx.o\n"}
,{"stream_name":"stdout","time":1188.7616811,"data":"[ 54%] Building CXX object src/CMakeFiles/llama.dir/Unity/unity_5_cxx.cxx.o\n"}
,{"stream_name":"stdout","time":1189.112509833,"data":"[ 54%] Building CXX object src/CMakeFiles/llama.dir/Unity/unity_4_cxx.cxx.o\n"}
,{"stream_name":"stdout","time":1189.550397421,"data":"[ 54%] Building CXX object src/CMakeFiles/llama.dir/Unity/unity_3_cxx.cxx.o\n"}
,{"stream_name":"stdout","time":1191.542178528,"data":"[ 54%] Building CXX object src/CMakeFiles/llama.dir/Unity/unity_2_cxx.cxx.o\n"}
,{"stream_name":"stdout","time":1194.745635779,"data":"[ 56%] Building CXX object src/CMakeFiles/llama.dir/Unity/unity_1_cxx.cxx.o\n"}
,{"stream_name":"stdout","time":1194.871726736,"data":"[ 56%] Building CXX object src/CMakeFiles/llama.dir/Unity/unity_0_cxx.cxx.o\n"}
,{"stream_name":"stdout","time":1195.781153328,"data":"[ 56%] Building CXX object src/CMakeFiles/llama.dir/llama.cpp.o\n"}
,{"stream_name":"stdout","time":1196.67884941,"data":"[ 56%] Building CXX object src/CMakeFiles/llama.dir/llama-adapter.cpp.o\n"}
,{"stream_name":"stdout","time":1198.636689414,"data":"[ 56%] Building CXX object src/CMakeFiles/llama.dir/llama-arch.cpp.o\n"}
,{"stream_name":"stdout","time":1199.796914307,"data":"[ 56%] Building CXX object src/CMakeFiles/llama.dir/llama-batch.cpp.o\n"}
,{"stream_name":"stdout","time":1200.15018677,"data":"[ 58%] Building CXX object src/CMakeFiles/llama.dir/llama-chat.cpp.o\n"}
,{"stream_name":"stdout","time":1202.563334501,"data":"[ 58%] Building CXX object src/CMakeFiles/llama.dir/llama-context.cpp.o\n"}
,{"stream_name":"stdout","time":1203.188115739,"data":"[ 58%] Building CXX object src/CMakeFiles/llama.dir/llama-cparams.cpp.o\n"}
,{"stream_name":"stdout","time":1203.37112626,"data":"[ 58%] Building CXX object src/CMakeFiles/llama.dir/llama-grammar.cpp.o\n"}
,{"stream_name":"stdout","time":1203.549276565,"data":"[ 58%] Building CXX object src/CMakeFiles/llama.dir/llama-graph.cpp.o\n"}
,{"stream_name":"stdout","time":1204.028843184,"data":"[ 58%] Building CXX object src/CMakeFiles/llama.dir/llama-hparams.cpp.o\n"}
,{"stream_name":"stdout","time":1205.048840048,"data":"[ 59%] Building CXX object src/CMakeFiles/llama.dir/llama-impl.cpp.o\n"}
,{"stream_name":"stdout","time":1206.011875941,"data":"[ 59%] Building CXX object src/CMakeFiles/llama.dir/llama-io.cpp.o\n"}
,{"stream_name":"stdout","time":1206.399202668,"data":"[ 59%] Building CXX object src/CMakeFiles/llama.dir/llama-kv-cache.cpp.o\n"}
,{"stream_name":"stdout","time":1211.202982012,"data":"[ 59%] Building CXX object src/CMakeFiles/llama.dir/llama-kv-cache-iswa.cpp.o\n"}
,{"stream_name":"stdout","time":1211.365908596,"data":"[ 59%] Building CXX object src/CMakeFiles/llama.dir/llama-kv-cache-dsa.cpp.o\n"}
,{"stream_name":"stdout","time":1214.026726968,"data":"[ 61%] Building CXX object src/CMakeFiles/llama.dir/llama-kv-cache-dsa-iswa.cpp.o\n"}
,{"stream_name":"stdout","time":1214.153758855,"data":"[ 61%] Building CXX object src/CMakeFiles/llama.dir/llama-kv-cache-msa.cpp.o\n"}
,{"stream_name":"stdout","time":1214.208570354,"data":"[ 61%] Building CXX object src/CMakeFiles/llama.dir/llama-kv-cache-dsv4.cpp.o\n"}
,{"stream_name":"stdout","time":1216.948428847,"data":"[ 61%] Building CXX object src/CMakeFiles/llama.dir/llama-memory.cpp.o\n"}
,{"stream_name":"stdout","time":1217.085601516,"data":"[ 61%] Building CXX object src/CMakeFiles/llama.dir/llama-memory-hybrid.cpp.o\n"}
,{"stream_name":"stdout","time":1217.446992151,"data":"[ 61%] Building CXX object src/CMakeFiles/llama.dir/llama-memory-hybrid-iswa.cpp.o\n"}
,{"stream_name":"stdout","time":1218.165831872,"data":"[ 62%] Building CXX object src/CMakeFiles/llama.dir/llama-memory-hybrid-idx.cpp.o\n"}
,{"stream_name":"stdout","time":1220.297241512,"data":"[ 62%] Building CXX object src/CMakeFiles/llama.dir/llama-memory-recurrent.cpp.o\n"}
,{"stream_name":"stdout","time":1220.858448487,"data":"[ 62%] Building CXX object src/CMakeFiles/llama.dir/llama-mmap.cpp.o\n"}
,{"stream_name":"stdout","time":1222.332496395,"data":"[ 62%] Building CXX object src/CMakeFiles/llama.dir/llama-model-loader.cpp.o\n"}
,{"stream_name":"stdout","time":1222.404502445,"data":"[ 62%] Building CXX object src/CMakeFiles/llama.dir/llama-model-saver.cpp.o\n"}
,{"stream_name":"stdout","time":1222.454516978,"data":"[ 62%] Building CXX object src/CMakeFiles/llama.dir/llama-model.cpp.o\n"}
,{"stream_name":"stdout","time":1223.878540769,"data":"[ 64%] Building CXX object src/CMakeFiles/llama.dir/llama-quant.cpp.o\n"}
,{"stream_name":"stdout","time":1224.8651035,"data":"[ 64%] Building CXX object src/CMakeFiles/llama.dir/llama-sampler.cpp.o\n"}
,{"stream_name":"stdout","time":1234.448964903,"data":"[ 64%] Building CXX object src/CMakeFiles/llama.dir/llama-vocab.cpp.o\n"}
,{"stream_name":"stdout","time":1235.485002323,"data":"[ 64%] Building CXX object src/CMakeFiles/llama.dir/unicode-data.cpp.o\n"}
,{"stream_name":"stdout","time":1236.139856051,"data":"[ 64%] Building CXX object src/CMakeFiles/llama.dir/unicode.cpp.o\n"}
,{"stream_name":"stdout","time":1245.913668854,"data":"[ 66%] Linking CXX static library libllama.a\n"}
,{"stream_name":"stdout","time":1246.033594854,"data":"[ 66%] Built target llama\n"}
,{"stream_name":"stdout","time":1246.049658407,"data":"[ 67%] Building CXX object tools/mtmd/CMakeFiles/mtmd.dir/mtmd.cpp.o\n"}
,{"stream_name":"stdout","time":1246.050273355,"data":"[ 67%] Building CXX object tools/mtmd/CMakeFiles/mtmd.dir/mtmd-audio.cpp.o\n"}
,{"stream_name":"stdout","time":1246.050301984,"data":"[ 67%] Building CXX object common/CMakeFiles/llama-common.dir/parsers/parsers.cpp.o\n"}
,{"stream_name":"stdout","time":1246.052005836,"data":"[ 67%] Building CXX object common/CMakeFiles/llama-common.dir/parsers/cohere2moe.cpp.o\n"}
,{"stream_name":"stdout","time":1249.392849037,"data":"[ 69%] Building CXX object common/CMakeFiles/llama-common.dir/parsers/deepseek.cpp.o\n"}
,{"stream_name":"stdout","time":1250.843809539,"data":"[ 69%] Building CXX object common/CMakeFiles/llama-common.dir/parsers/functionary-v3-2.cpp.o\n"}
,{"stream_name":"stdout","time":1251.332378201,"data":"[ 69%] Building CXX object tools/mtmd/CMakeFiles/mtmd.dir/mtmd-image.cpp.o\n"}
,{"stream_name":"stdout","time":1253.782678241,"data":"[ 69%] Building CXX object common/CMakeFiles/llama-common.dir/parsers/gemma4.cpp.o\n"}
,{"stream_name":"stdout","time":1255.638483415,"data":"[ 69%] Building CXX object tools/mtmd/CMakeFiles/mtmd.dir/mtmd-helper.cpp.o\n"}
,{"stream_name":"stdout","time":1255.953898169,"data":"[ 69%] Building CXX object common/CMakeFiles/llama-common.dir/parsers/gigachat-v3.cpp.o\n"}
,{"stream_name":"stdout","time":1256.931378095,"data":"[ 69%] Building CXX object common/CMakeFiles/llama-common.dir/parsers/gpt-oss.cpp.o\n"}
,{"stream_name":"stdout","time":1259.736151777,"data":"[ 69%] Building CXX object tools/mtmd/CMakeFiles/mtmd.dir/mtmd-helper-gen.cpp.o\n"}
,{"stream_name":"stdout","time":1260.614344559,"data":"[ 70%] Building CXX object tools/mtmd/CMakeFiles/mtmd.dir/clip.cpp.o\n"}
,{"stream_name":"stdout","time":1262.400276504,"data":"[ 70%] Building CXX object common/CMakeFiles/llama-common.dir/parsers/kimi-k2.cpp.o\n"}
,{"stream_name":"stdout","time":1264.474096531,"data":"[ 72%] Building CXX object common/CMakeFiles/llama-common.dir/parsers/kimi-k3.cpp.o\n"}
,{"stream_name":"stdout","time":1267.228582803,"data":"[ 72%] Building CXX object tools/mtmd/CMakeFiles/mtmd.dir/models/cogvlm.cpp.o\n"}
,{"stream_name":"stdout","time":1268.892731571,"data":"[ 72%] Building CXX object common/CMakeFiles/llama-common.dir/parsers/ling3.cpp.o\n"}
,{"stream_name":"stdout","time":1269.83901873,"data":"[ 72%] Building CXX object tools/mtmd/CMakeFiles/mtmd.dir/models/conformer.cpp.o\n"}
,{"stream_name":"stdout","time":1271.569408578,"data":"[ 72%] Building CXX object common/CMakeFiles/llama-common.dir/parsers/lfm2.cpp.o\n"}
,{"stream_name":"stdout","time":1274.528215965,"data":"[ 72%] Building CXX object tools/mtmd/CMakeFiles/mtmd.dir/models/deepseek4v.cpp.o\n"}
,{"stream_name":"stdout","time":1276.059298499,"data":"[ 72%] Building CXX object common/CMakeFiles/llama-common.dir/parsers/minicpm5.cpp.o\n"}
,{"stream_name":"stdout","time":1276.295298675,"data":"[ 72%] Building CXX object common/CMakeFiles/llama-common.dir/parsers/minimax-m3.cpp.o\n"}
,{"stream_name":"stdout","time":1279.956180757,"data":"[ 74%] Building CXX object common/CMakeFiles/llama-common.dir/parsers/ministral3.cpp.o\n"}
,{"stream_name":"stdout","time":1281.130500197,"data":"[ 74%] Building CXX object tools/mtmd/CMakeFiles/mtmd.dir/models/dots3note.cpp.o\n"}
,{"stream_name":"stdout","time":1282.353263897,"data":"[ 74%] Building CXX object tools/mtmd/CMakeFiles/mtmd.dir/models/dotsocr.cpp.o\n"}
,{"stream_name":"stdout","time":1282.763681008,"data":"[ 75%] Building CXX object tools/mtmd/CMakeFiles/mtmd.dir/models/exaone4_5.cpp.o\n"}
,{"stream_name":"stdout","time":1284.133467278,"data":"[ 75%] Building CXX object common/CMakeFiles/llama-common.dir/parsers/muse-glimmer.cpp.o\n"}
,{"stream_name":"stdout","time":1284.58927663,"data":"[ 75%] Building CXX object tools/mtmd/CMakeFiles/mtmd.dir/models/gemma4a.cpp.o\n"}
,{"stream_name":"stdout","time":1284.766972033,"data":"[ 75%] Building CXX object tools/mtmd/CMakeFiles/mtmd.dir/models/gemma4v.cpp.o\n"}
,{"stream_name":"stdout","time":1286.499573924,"data":"[ 75%] Building CXX object common/CMakeFiles/llama-common.dir/parsers/qwen3-coder.cpp.o\n"}
,{"stream_name":"stdout","time":1286.642939629,"data":"[ 75%] Building CXX object common/CMakeFiles/llama-common.dir/arg.cpp.o\n"}
,{"stream_name":"stdout","time":1287.423981649,"data":"[ 75%] Building CXX object tools/mtmd/CMakeFiles/mtmd.dir/models/gemma4ua.cpp.o\n"}
,{"stream_name":"stdout","time":1289.055932213,"data":"[ 75%] Building CXX object tools/mtmd/CMakeFiles/mtmd.dir/models/gemma4uv.cpp.o\n"}
,{"stream_name":"stdout","time":1289.563794894,"data":"[ 75%] Building CXX object tools/mtmd/CMakeFiles/mtmd.dir/models/glm4v.cpp.o\n"}
,{"stream_name":"stdout","time":1290.767120422,"data":"[ 75%] Building CXX object common/CMakeFiles/llama-common.dir/chat-auto-parser-generator.cpp.o\n"}
,{"stream_name":"stdout","time":1291.370610408,"data":"[ 77%] Building CXX object tools/mtmd/CMakeFiles/mtmd.dir/models/granite-speech.cpp.o\n"}
,{"stream_name":"stdout","time":1292.266634716,"data":"[ 77%] Building CXX object tools/mtmd/CMakeFiles/mtmd.dir/models/granite4-vision.cpp.o\n"}
,{"stream_name":"stdout","time":1293.361798762,"data":"[ 77%] Building CXX object common/CMakeFiles/llama-common.dir/chat-auto-parser-helpers.cpp.o\n"}
,{"stream_name":"stdout","time":1294.444256243,"data":"[ 77%] Building CXX object tools/mtmd/CMakeFiles/mtmd.dir/models/hunyuanvl.cpp.o\n"}
,{"stream_name":"stdout","time":1296.142842042,"data":"[ 77%] Building CXX object tools/mtmd/CMakeFiles/mtmd.dir/models/internvl.cpp.o\n"}
,{"stream_name":"stdout","time":1297.007136702,"data":"[ 77%] Building CXX object tools/mtmd/CMakeFiles/mtmd.dir/models/kimivl.cpp.o\n"}
,{"stream_name":"stdout","time":1297.514765631,"data":"[ 79%] Building CXX object tools/mtmd/CMakeFiles/mtmd.dir/models/kimik25.cpp.o\n"}
,{"stream_name":"stdout","time":1297.807016189,"data":"[ 80%] Building CXX object common/CMakeFiles/llama-common.dir/chat-diff-analyzer.cpp.o\n"}
,{"stream_name":"stdout","time":1298.788535009,"data":"[ 80%] Building CXX object common/CMakeFiles/llama-common.dir/chat-peg-parser.cpp.o\n"}
,{"stream_name":"stdout","time":1299.327912624,"data":"[ 80%] Building CXX object tools/mtmd/CMakeFiles/mtmd.dir/models/nemotron-v2-vl.cpp.o\n"}
,{"stream_name":"stdout","time":1301.077647416,"data":"[ 80%] Building CXX object tools/mtmd/CMakeFiles/mtmd.dir/models/muse-glimmer.cpp.o\n"}
,{"stream_name":"stdout","time":1302.887515765,"data":"[ 80%] Building CXX object tools/mtmd/CMakeFiles/mtmd.dir/models/llama4.cpp.o\n"}
,{"stream_name":"stdout","time":1304.67225492,"data":"[ 80%] Building CXX object tools/mtmd/CMakeFiles/mtmd.dir/models/llava.cpp.o\n"}
,{"stream_name":"stdout","time":1306.675579465,"data":"[ 80%] Building CXX object tools/mtmd/CMakeFiles/mtmd.dir/models/minicpmv.cpp.o\n"}
,{"stream_name":"stdout","time":1307.631369324,"data":"[ 82%] Building CXX object tools/mtmd/CMakeFiles/mtmd.dir/models/paddleocr.cpp.o\n"}
,{"stream_name":"stdout","time":1308.577088069,"data":"[ 82%] Building CXX object common/CMakeFiles/llama-common.dir/chat.cpp.o\n"}
,{"stream_name":"stdout","time":1309.00791882,"data":"[ 82%] Building CXX object tools/mtmd/CMakeFiles/mtmd.dir/models/pixtral.cpp.o\n"}
,{"stream_name":"stdout","time":1309.424598629,"data":"[ 82%] Building CXX object common/CMakeFiles/llama-common.dir/common.cpp.o\n"}
,{"stream_name":"stdout","time":1310.745443213,"data":"[ 82%] Building CXX object tools/mtmd/CMakeFiles/mtmd.dir/models/qwen2vl.cpp.o\n"}
,{"stream_name":"stdout","time":1312.548420149,"data":"[ 82%] Building CXX object tools/mtmd/CMakeFiles/mtmd.dir/models/minimax-m3.cpp.o\n"}
,{"stream_name":"stdout","time":1314.303842313,"data":"[ 82%] Building CXX object tools/mtmd/CMakeFiles/mtmd.dir/models/qwen3vl.cpp.o\n"}
,{"stream_name":"stdout","time":1316.068679861,"data":"[ 82%] Building CXX object tools/mtmd/CMakeFiles/mtmd.dir/models/mimovl.cpp.o\n"}
,{"stream_name":"stdout","time":1317.039098451,"data":"[ 83%] Building CXX object tools/mtmd/CMakeFiles/mtmd.dir/models/qwen3a.cpp.o\n"}
,{"stream_name":"stdout","time":1317.884620276,"data":"[ 83%] Building CXX object common/CMakeFiles/llama-common.dir/console.cpp.o\n"}
,{"stream_name":"stdout","time":1318.800455412,"data":"[ 83%] Building CXX object tools/mtmd/CMakeFiles/mtmd.dir/models/mimo-audio.cpp.o\n"}
,{"stream_name":"stdout","time":1319.783621287,"data":"[ 83%] Building CXX object tools/mtmd/CMakeFiles/mtmd.dir/models/qwen3tts-spkenc.cpp.o\n"}
,{"stream_name":"stdout","time":1320.248903879,"data":"[ 83%] Building CXX object tools/mtmd/CMakeFiles/mtmd.dir/models/qwen3tts-gen.cpp.o\n"}
,{"stream_name":"stdout","time":1320.727825425,"data":"[ 83%] Building CXX object common/CMakeFiles/llama-common.dir/debug.cpp.o\n"}
,{"stream_name":"stdout","time":1320.770270256,"data":"[ 85%] Building CXX object common/CMakeFiles/llama-common.dir/download.cpp.o\n"}
,{"stream_name":"stdout","time":1321.703038693,"data":"[ 85%] Building CXX object common/CMakeFiles/llama-common.dir/fit.cpp.o\n"}
,{"stream_name":"stdout","time":1323.842414256,"data":"[ 85%] Building CXX object tools/mtmd/CMakeFiles/mtmd.dir/models/pockettts-seanet.cpp.o\n"}
,{"stream_name":"stdout","time":1325.780593249,"data":"[ 87%] Building CXX object tools/mtmd/CMakeFiles/mtmd.dir/models/pockettts-spkenc.cpp.o\n"}
,{"stream_name":"stdout","time":1326.387865437,"data":"[ 87%] Building CXX object tools/mtmd/CMakeFiles/mtmd.dir/models/pockettts-gen.cpp.o\n"}
,{"stream_name":"stdout","time":1327.612170395,"data":"[ 87%] Building CXX object common/CMakeFiles/llama-common.dir/hf-cache.cpp.o\n"}
,{"stream_name":"stdout","time":1327.670296382,"data":"[ 87%] Building CXX object tools/mtmd/CMakeFiles/mtmd.dir/models/step3vl.cpp.o\n"}
,{"stream_name":"stdout","time":1329.159379118,"data":"[ 87%] Building CXX object common/CMakeFiles/llama-common.dir/imatrix-loader.cpp.o\n"}
,{"stream_name":"stdout","time":1329.453889057,"data":"[ 87%] Building CXX object tools/mtmd/CMakeFiles/mtmd.dir/models/siglip.cpp.o\n"}
,{"stream_name":"stdout","time":1331.219461237,"data":"[ 87%] Building CXX object tools/mtmd/CMakeFiles/mtmd.dir/models/whisper-enc.cpp.o\n"}
,{"stream_name":"stdout","time":1331.329164575,"data":"[ 87%] Building CXX object tools/mtmd/CMakeFiles/mtmd.dir/models/deepseekocr.cpp.o\n"}
,{"stream_name":"stdout","time":1333.069659403,"data":"[ 87%] Building CXX object common/CMakeFiles/llama-common.dir/json-schema-to-grammar.cpp.o\n"}
,{"stream_name":"stdout","time":1333.397938451,"data":"[ 88%] Building CXX object tools/mtmd/CMakeFiles/mtmd.dir/models/deepseekocr2.cpp.o\n"}
,{"stream_name":"stdout","time":1334.155033715,"data":"[ 88%] Building CXX object tools/mtmd/CMakeFiles/mtmd.dir/models/mobilenetv5.cpp.o\n"}
,{"stream_name":"stdout","time":1334.260361468,"data":"[ 88%] Building CXX object tools/mtmd/CMakeFiles/mtmd.dir/models/youtuvl.cpp.o\n"}
,{"stream_name":"stdout","time":1335.194895715,"data":"[ 90%] Building CXX object common/CMakeFiles/llama-common.dir/json-schema.cpp.o\n"}
,{"stream_name":"stdout","time":1336.126726232,"data":"[ 90%] Building CXX object common/CMakeFiles/llama-common.dir/json.cpp.o\n"}
,{"stream_name":"stdout","time":1336.157835474,"data":"[ 90%] Building CXX object tools/mtmd/CMakeFiles/mtmd.dir/models/yasa2.cpp.o\n"}
,{"stream_name":"stdout","time":1337.980387848,"data":"[ 90%] Building CXX object tools/mtmd/CMakeFiles/mtmd.dir/models/parakeet.cpp.o\n"}
,{"stream_name":"stdout","time":1339.377110079,"data":"[ 90%] Building CXX object common/CMakeFiles/llama-common.dir/llguidance.cpp.o\n"}
,{"stream_name":"stdout","time":1339.852043426,"data":"[ 90%] Linking CXX static library libmtmd.a\n"}
,{"stream_name":"stdout","time":1339.952985819,"data":"[ 90%] Built target mtmd\n"}
,{"stream_name":"stdout","time":1339.959003496,"data":"[ 90%] Building CXX object common/CMakeFiles/llama-common.dir/log.cpp.o\n"}
,{"stream_name":"stdout","time":1340.423902556,"data":"[ 90%] Building CXX object common/CMakeFiles/llama-common.dir/ngram-cache.cpp.o\n"}
,{"stream_name":"stdout","time":1342.097585378,"data":"[ 90%] Building CXX object common/CMakeFiles/llama-common.dir/ngram-map.cpp.o\n"}
,{"stream_name":"stdout","time":1342.564549803,"data":"[ 91%] Building CXX object common/CMakeFiles/llama-common.dir/ngram-mod.cpp.o\n"}
,{"stream_name":"stdout","time":1343.029285756,"data":"[ 91%] Building CXX object common/CMakeFiles/llama-common.dir/peg-parser.cpp.o\n"}
,{"stream_name":"stdout","time":1343.71427025,"data":"[ 91%] Building CXX object common/CMakeFiles/llama-common.dir/preset.cpp.o\n"}
,{"stream_name":"stdout","time":1345.952234629,"data":"[ 91%] Building CXX object common/CMakeFiles/llama-common.dir/reasoning-budget.cpp.o\n"}
,{"stream_name":"stdout","time":1347.620725609,"data":"[ 91%] Building CXX object common/CMakeFiles/llama-common.dir/sampling.cpp.o\n"}
,{"stream_name":"stdout","time":1347.827067482,"data":"[ 93%] Building CXX object common/CMakeFiles/llama-common.dir/speculative.cpp.o\n"}
,{"stream_name":"stdout","time":1351.802678203,"data":"[ 93%] Building CXX object common/CMakeFiles/llama-common.dir/subproc.cpp.o\n"}
,{"stream_name":"stdout","time":1352.571203562,"data":"[ 93%] Building CXX object common/CMakeFiles/llama-common.dir/trie.cpp.o\n"}
,{"stream_name":"stdout","time":1353.791782888,"data":"[ 93%] Building CXX object common/CMakeFiles/llama-common.dir/unicode.cpp.o\n"}
,{"stream_name":"stdout","time":1354.478341458,"data":"[ 93%] Building CXX object common/CMakeFiles/llama-common.dir/jinja/lexer.cpp.o\n"}
,{"stream_name":"stdout","time":1355.979551258,"data":"[ 93%] Building CXX object common/CMakeFiles/llama-common.dir/jinja/parser.cpp.o\n"}
,{"stream_name":"stdout","time":1357.17708093,"data":"[ 95%] Building CXX object common/CMakeFiles/llama-common.dir/jinja/runtime.cpp.o\n"}
,{"stream_name":"stdout","time":1357.253759804,"data":"[ 95%] Building CXX object common/CMakeFiles/llama-common.dir/jinja/value.cpp.o\n"}
,{"stream_name":"stdout","time":1360.685113296,"data":"[ 95%] Building CXX object common/CMakeFiles/llama-common.dir/jinja/string.cpp.o\n"}
,{"stream_name":"stdout","time":1362.29182876,"data":"[ 95%] Building CXX object common/CMakeFiles/llama-common.dir/jinja/caps.cpp.o\n"}
,{"stream_name":"stdout","time":1367.481879431,"data":"[ 95%] Linking CXX static library libllama-common.a\n"}
,{"stream_name":"stdout","time":1367.638679065,"data":"[ 95%] Built target llama-common\n"}
,{"stream_name":"stdout","time":1367.652834192,"data":"[ 96%] Building CXX object tools/server/CMakeFiles/server-context.dir/server-chat.cpp.o\n"}
,{"stream_name":"stdout","time":1367.652858351,"data":"[ 96%] Building CXX object tools/server/CMakeFiles/server-context.dir/server-task.cpp.o\n"}
,{"stream_name":"stdout","time":1367.653178878,"data":"[ 96%] Building CXX object tools/server/CMakeFiles/server-context.dir/server-queue.cpp.o\n"}
,{"stream_name":"stdout","time":1367.653868739,"data":"[ 96%] Building CXX object tools/server/CMakeFiles/server-context.dir/server-common.cpp.o\n"}
,{"stream_name":"stdout","time":1375.064822497,"data":"[ 96%] Building CXX object tools/server/CMakeFiles/server-context.dir/server-context.cpp.o\n"}
,{"stream_name":"stdout","time":1376.108720735,"data":"[ 98%] Building CXX object tools/server/CMakeFiles/server-context.dir/server-stream.cpp.o\n"}
,{"stream_name":"stdout","time":1379.354028812,"data":"[ 98%] Building CXX object tools/server/CMakeFiles/server-context.dir/server-tools.cpp.o\n"}
,{"stream_name":"stdout","time":1382.816204068,"data":"[ 98%] Building CXX object tools/server/CMakeFiles/server-context.dir/server-mcp.cpp.o\n"}
,{"stream_name":"stdout","time":1384.202853317,"data":"[ 98%] Building CXX object tools/server/CMakeFiles/server-context.dir/server-schema.cpp.o\n"}
,{"stream_name":"stdout","time":1396.827504551,"data":"[ 98%] Linking CXX static library libserver-context.a\n"}
,{"stream_name":"stdout","time":1396.879278246,"data":"[ 98%] Built target server-context\n"}
,{"stream_name":"stdout","time":1396.891898081,"data":"[ 98%] Building CXX object tools/server/CMakeFiles/llama-server-impl.dir/server.cpp.o\n"}
,{"stream_name":"stdout","time":1396.89308317,"data":"[ 98%] Building CXX object tools/server/CMakeFiles/llama-server-impl.dir/server-http.cpp.o\n"}
,{"stream_name":"stdout","time":1396.893656121,"data":"[ 98%] Building CXX object tools/server/CMakeFiles/llama-server-impl.dir/server-models.cpp.o\n"}
,{"stream_name":"stdout","time":1411.282975939,"data":"[ 98%] Linking CXX static library libllama-server-impl.a\n"}
,{"stream_name":"stdout","time":1411.311517807,"data":"[ 98%] Built target llama-server-impl\n"}
,{"stream_name":"stdout","time":1411.323135116,"data":"[100%] Building CXX object tools/server/CMakeFiles/llama-server.dir/main.cpp.o\n"}
,{"stream_name":"stdout","time":1411.346994718,"data":"[100%] Linking CXX executable ../../bin/llama-server\n"}
,{"stream_name":"stdout","time":1412.626201486,"data":"[100%] Built target llama-server\n"}
,{"stream_name":"stdout","time":1412.907421772,"data":"$ pip install -q huggingface_hub pydantic openai tqdm\n"}
,{"stream_name":"stderr","time":1422.279466517,"data":"Warning: You are sending unauthenticated requests to the HF Hub. Please set a HF_TOKEN to enable higher rate limits and faster downloads.\n"}
,{"stream_name":"stdout","time":1435.672508696,"data":"$ /kaggle/working/llama-bin/llama-server -m /kaggle/working/models/gemma-4-E4B-it-qat-UD-Q4_K_XL.gguf --alias local --host 127.0.0.1 --port 8080 -ngl 99 --jinja --temp 0 --parallel 4 --cont-batching --kv-unified-per-slot 8192 --reasoning off --flash-attn on --spec-type draft-mtp --spec-draft-n-max 2 --model-draft /kaggle/working/models/mtp-gemma-4-E4B-it.gguf\n"}
,{"stream_name":"stdout","time":1443.817562283,"data":"$ cd /kaggle/working/kltn \u0026\u0026 python scripts/run_emerge.py --workers 4 --batch-size 12 --out /kaggle/working/results/emerge_dev350_v3_kaggle.jsonl 2\u003e\u00261 | tee /kaggle/working/results/emerge_dev350_v3_kaggle.jsonl.log\n"}
,{"stream_name":"stdout","time":1838.184435133,"data":"\r  0%|          | 0/350 [00:00\u003c?, ?it/s]\r  0%|          | 1/350 [00:05\u003c33:08,  5.70s/it]\r  1%|          | 3/350 [00:07\u003c12:56,  2.24s/it]\r  2%|▏         | 6/350 [00:14\u003c12:52,  2.25s/it]\r  3%|▎         | 9/350 [00:16\u003c08:47,  1.55s/it]\r  4%|▎         | 13/350 [00:30\u003c13:39,  2.43s/it]\r  8%|▊         | 28/350 [02:03\u003c27:26,  5.11s/it]\r 28%|██▊       | 99/350 [02:04\u003c03:42,  1.13it/s]\r 33%|███▎      | 117/350 [02:15\u003c03:12,  1.21it/s]\r 35%|███▍      | 122/350 [02:16\u003c02:58,  1.28it/s]\r 39%|███▉      | 138/350 [02:26\u003c02:34,  1.38it/s]\r 41%|████      | 142/350 [02:35\u003c02:59,  1.16it/s]\r 43%|████▎     | 152/350 [02:36\u003c02:14,  1.47it/s]\r 44%|████▍     | 155/350 [02:37\u003c02:09,  1.51it/s]\r 45%|████▌     | 158/350 [02:41\u003c02:24,  1.33it/s]\r 46%|████▌     | 161/350 [02:42\u003c02:10,  1.45it/s]\r 46%|████▋     | 162/350 [02:55\u003c04:30,  1.44s/it]\r 51%|█████     | 177/350 [02:56\u003c01:51,  1.56it/s]\r 52%|█████▏    | 181/350 [02:59\u003c01:56,  1.45it/s]\r 53%|█████▎    | 185/350 [03:00\u003c01:38,  1.67it/s]\r 53%|█████▎    | 186/350 [03:09\u003c03:12,  1.17s/it]\r 54%|█████▍    | 190/350 [03:11\u003c02:30,  1.06it/s]\r 58%|█████▊    | 203/350 [03:12\u003c01:05,  2.26it/s]\r 58%|█████▊    | 204/350 [03:16\u003c01:42,  1.42it/s]\r 59%|█████▊    | 205/350 [03:21\u003c02:23,  1.01it/s]\r 60%|█████▉    | 209/350 [03:26\u003c02:29,  1.06s/it]\r 65%|██████▍   | 226/350 [03:28\u003c00:58,  2.11it/s]\r 65%|██████▌   | 228/350 [03:33\u003c01:21,  1.50it/s]\r 66%|██████▌   | 230/350 [03:44\u003c02:29,  1.25s/it]\r 66%|██████▋   | 232/350 [03:46\u003c02:20,  1.19s/it]\r 69%|██████▉   | 242/350 [04:11\u003c03:24,  1.89s/it]\r 74%|███████▍  | 260/350 [05:07\u003c03:51,  2.57s/it]\r 86%|████████▋ | 302/350 [05:08\u003c00:43,  1.11it/s]\r 86%|████████▋ | 302/350 [05:20\u003c00:43,  1.11it/s]\r 89%|████████▉ | 312/350 [05:23\u003c00:38,  1.01s/it]\r 91%|█████████ | 318/350 [05:27\u003c00:31,  1.03it/s]\r 91%|█████████ | 318/350 [05:40\u003c00:31,  1.03it/s]\r 91%|█████████ | 319/350 [06:14\u003c01:14,  2.40s/it]\r100%|██████████| 350/350 [06:14\u003c00:00,  1.07s/it]\n"}
,{"stream_name":"stdout","time":1840.213054902,"data":"\n"}
,{"stream_name":"stdout","time":1840.21308743,"data":"n=350 có ứng viên=242 ứng viên=2183 llm_calls=335 errors=0 374s (1.07 s/instance)\n"}
,{"stream_name":"stdout","time":1840.213093485,"data":"\n"}
,{"stream_name":"stdout","time":1840.213096946,"data":"Exists (n=201)   recall [CI95]            precision [CI95]\n"}
,{"stream_name":"stdout","time":1840.21310059,"data":"  mine                             0.881 [0.844, 0.913]       0.696 [0.656, 0.735]\n"}
,{"stream_name":"stdout","time":1840.21310408,"data":"  kg-aware/gpt-5.1/oracle          0.532 [0.470, 0.596]       0.651 [0.582, 0.721]\n"}
,{"stream_name":"stdout","time":1840.213107812,"data":"  kg-aware/gpt-5.1/kg_rag_32       0.188 [0.145, 0.234]       0.202 [0.159, 0.250]\n"}
,{"stream_name":"stdout","time":1840.213115274,"data":"  kg-aware/gpt-5.1/oracle_kg_rag   0.429 [0.376, 0.488]       0.442 [0.386, 0.502]\n"}
,{"stream_name":"stdout","time":1840.21311836,"data":"  mine − oracle (recall, ghép cặp) 0.350 [0.276, 0.418]\n"}
,{"stream_name":"stdout","time":1840.21312096,"data":"\n"}
,{"stream_name":"stdout","time":1840.213123265,"data":"Deprecate (n=125)   recall [CI95]            precision [CI95]\n"}
,{"stream_name":"stdout","time":1840.213125734,"data":"  mine                             0.652 [0.568, 0.736]       0.450 [0.380, 0.521]\n"}
,{"stream_name":"stdout","time":1840.2131282,"data":"  kg-aware/gpt-5.1/oracle          0.352 [0.272, 0.440]       0.352 [0.272, 0.440]\n"}
,{"stream_name":"stdout","time":1840.213130633,"data":"  kg-aware/gpt-5.1/kg_rag_32       0.088 [0.040, 0.136]       0.065 [0.031, 0.105]\n"}
,{"stream_name":"stdout","time":1840.213133033,"data":"  kg-aware/gpt-5.1/oracle_kg_rag   0.124 [0.068, 0.180]       0.104 [0.055, 0.155]\n"}
,{"stream_name":"stdout","time":1840.213135337,"data":"  mine − oracle (recall, ghép cặp) 0.300 [0.208, 0.392]\n"}
,{"stream_name":"stdout","time":1840.213137672,"data":"\n"}
,{"stream_name":"stdout","time":1840.213139914,"data":"Add (n=123)   recall [CI95]            precision [CI95]\n"}
,{"stream_name":"stdout","time":1840.213142167,"data":"  mine                             0.000 [0.000, 0.000]       0.000 [0.000, 0.000]\n"}
,{"stream_name":"stdout","time":1840.213144544,"data":"  kg-aware/gpt-5.1/oracle          0.475 [0.388, 0.568]       0.423 [0.337, 0.507]\n"}
,{"stream_name":"stdout","time":1840.213146836,"data":"  kg-aware/gpt-5.1/kg_rag_32       0.076 [0.034, 0.125]       0.059 [0.024, 0.101]\n"}
,{"stream_name":"stdout","time":1840.213161429,"data":"  kg-aware/gpt-5.1/oracle_kg_rag   0.212 [0.142, 0.285]       0.095 [0.059, 0.135]\n"}
,{"stream_name":"stdout","time":1840.213163945,"data":"  mine − oracle (recall, ghép cặp) -0.475 [-0.568, -0.388]\n"}
,{"stream_name":"stdout","time":1840.464105416,"data":"$ cd /kaggle/working/kltn \u0026\u0026 python scripts/run_emerge.py --workers 4 --judge add --out /kaggle/working/results/emerge_dev350_add_v2_kaggle.jsonl 2\u003e\u00261 | tee /kaggle/working/results/emerge_dev350_add_v2_kaggle.jsonl.log\n"}
,{"stream_name":"stdout","time":2347.693591194,"data":"\r  0%|          | 0/350 [00:00\u003c?, ?it/s]\r  0%|          | 1/350 [00:04\u003c26:54,  4.62s/it]\r  1%|          | 3/350 [00:06\u003c11:17,  1.95s/it]\r  1%|▏         | 5/350 [00:08\u003c08:09,  1.42s/it]\r  2%|▏         | 6/350 [00:12\u003c11:34,  2.02s/it]\r  3%|▎         | 10/350 [00:14\u003c06:35,  1.16s/it]\r  3%|▎         | 11/350 [00:16\u003c07:29,  1.33s/it]\r  4%|▎         | 13/350 [00:35\u003c22:37,  4.03s/it]\r  7%|▋         | 26/350 [00:40\u003c07:02,  1.30s/it]\r  8%|▊         | 28/350 [00:51\u003c09:53,  1.84s/it]\r 10%|█         | 36/350 [00:52\u003c05:35,  1.07s/it]\r 11%|█         | 37/350 [00:54\u003c06:00,  1.15s/it]\r 11%|█         | 39/350 [01:02\u003c08:26,  1.63s/it]\r 12%|█▏        | 41/350 [01:03\u003c07:16,  1.41s/it]\r 13%|█▎        | 45/350 [01:05\u003c05:28,  1.08s/it]\r 13%|█▎        | 46/350 [01:06\u003c05:29,  1.09s/it]\r 14%|█▎        | 48/350 [01:11\u003c07:27,  1.48s/it]\r 15%|█▌        | 53/350 [01:13\u003c04:38,  1.06it/s]\r 16%|█▌        | 55/350 [01:19\u003c06:43,  1.37s/it]\r 17%|█▋        | 60/350 [01:29\u003c07:52,  1.63s/it]\r 19%|█▊        | 65/350 [01:30\u003c05:27,  1.15s/it]\r 19%|█▉        | 67/350 [01:46\u003c11:00,  2.33s/it]\r 22%|██▏       | 78/350 [01:46\u003c04:28,  1.01it/s]\r 23%|██▎       | 80/350 [01:47\u003c04:07,  1.09it/s]\r 23%|██▎       | 81/350 [01:52\u003c05:37,  1.26s/it]\r 24%|██▍       | 85/350 [02:02\u003c07:14,  1.64s/it]\r 25%|██▌       | 89/350 [02:06\u003c06:22,  1.47s/it]\r 26%|██▌       | 90/350 [02:14\u003c09:05,  2.10s/it]\r 28%|██▊       | 99/350 [02:25\u003c06:40,  1.60s/it]\r 32%|███▏      | 111/350 [02:27\u003c03:26,  1.16it/s]\r 32%|███▏      | 112/350 [02:30\u003c03:57,  1.00it/s]\r 33%|███▎      | 114/350 [02:44\u003c07:16,  1.85s/it]\r 35%|███▍      | 122/350 [02:50\u003c05:06,  1.34s/it]\r 38%|███▊      | 133/350 [02:53\u003c03:06,  1.16it/s]\r 39%|███▊      | 135/350 [02:57\u003c03:29,  1.03it/s]\r 39%|███▉      | 138/350 [03:17\u003c07:16,  2.06s/it]\r 43%|████▎     | 150/350 [03:19\u003c03:34,  1.07s/it]\r 43%|████▎     | 152/350 [03:22\u003c03:40,  1.11s/it]\r 44%|████▎     | 153/350 [03:23\u003c03:34,  1.09s/it]\r 44%|████▍     | 155/350 [03:25\u003c03:40,  1.13s/it]\r 45%|████▍     | 157/350 [03:27\u003c03:30,  1.09s/it]\r 45%|████▌     | 159/350 [03:34\u003c04:56,  1.55s/it]\r 46%|████▌     | 161/350 [03:44\u003c07:36,  2.42s/it]\r 49%|████▉     | 172/350 [03:46\u003c02:49,  1.05it/s]\r 49%|████▉     | 173/350 [03:48\u003c03:06,  1.05s/it]\r 50%|█████     | 175/350 [03:52\u003c03:27,  1.18s/it]\r 51%|█████     | 177/350 [03:52\u003c02:54,  1.01s/it]\r 51%|█████▏    | 180/350 [03:53\u003c02:01,  1.39it/s]\r 52%|█████▏    | 181/350 [04:20\u003c11:27,  4.07s/it]\r 57%|█████▋    | 199/350 [04:21\u003c02:29,  1.01it/s]\r 58%|█████▊    | 203/350 [04:22\u003c02:05,  1.17it/s]\r 58%|█████▊    | 204/350 [04:29\u003c03:03,  1.26s/it]\r 60%|██████    | 210/350 [04:32\u003c02:20,  1.00s/it]\r 61%|██████    | 212/350 [04:34\u003c02:17,  1.00it/s]\r 61%|██████    | 213/350 [04:34\u003c02:06,  1.08it/s]\r 61%|██████    | 214/350 [04:38\u003c02:53,  1.28s/it]\r 62%|██████▏   | 218/350 [04:40\u003c02:11,  1.00it/s]\r 63%|██████▎   | 220/350 [04:45\u003c02:49,  1.30s/it]\r 64%|██████▍   | 225/350 [04:46\u003c01:42,  1.22it/s]\r 65%|██████▍   | 226/350 [04:50\u003c02:18,  1.11s/it]\r 65%|██████▌   | 228/350 [04:55\u003c02:58,  1.47s/it]\r 66%|██████▋   | 232/350 [05:11\u003c04:58,  2.53s/it]\r 69%|██████▉   | 242/350 [05:16\u003c02:24,  1.34s/it]\r 71%|███████   | 248/350 [05:19\u003c01:48,  1.07s/it]\r 72%|███████▏  | 252/350 [05:21\u003c01:30,  1.08it/s]\r 72%|███████▏  | 253/350 [05:26\u003c02:01,  1.25s/it]\r 73%|███████▎  | 256/350 [05:29\u003c01:46,  1.13s/it]\r 73%|███████▎  | 257/350 [05:30\u003c01:51,  1.20s/it]\r 74%|███████▍  | 260/350 [06:24\u003c09:39,  6.44s/it]\r 83%|████████▎ | 290/350 [06:25\u003c01:11,  1.19s/it]\r 84%|████████▎ | 293/350 [06:27\u003c01:04,  1.14s/it]\r 85%|████████▍ | 296/350 [06:28\u003c00:56,  1.04s/it]\r 85%|████████▍ | 297/350 [06:29\u003c00:56,  1.06s/it]\r 85%|████████▌ | 298/350 [06:30\u003c00:53,  1.03s/it]\r 85%|████████▌ | 299/350 [06:34\u003c01:05,  1.29s/it]\r 86%|████████▋ | 302/350 [06:44\u003c01:33,  1.95s/it]\r 88%|████████▊ | 309/350 [06:46\u003c00:46,  1.14s/it]\r 89%|████████▉ | 312/350 [07:20\u003c02:12,  3.48s/it]\r 90%|█████████ | 315/350 [07:21\u003c01:34,  2.70s/it]\r 93%|█████████▎| 326/350 [07:37\u003c00:48,  2.01s/it]\r 97%|█████████▋| 338/350 [07:43\u003c00:15,  1.29s/it]\r 97%|█████████▋| 341/350 [07:46\u003c00:11,  1.23s/it]\r 98%|█████████▊| 343/350 [07:48\u003c00:08,  1.21s/it]\r 99%|█████████▉| 346/350 [07:49\u003c00:04,  1.02s/it]\r 99%|█████████▉| 348/350 [07:49\u003c00:01,  1.15it/s]\r100%|█████████▉| 349/350 [07:51\u003c00:00,  1.03it/s]\r100%|██████████| 350/350 [07:52\u003c00:00,  1.01it/s]\r100%|██████████| 350/350 [07:52\u003c00:00,  1.35s/it]\n"}
,{"stream_name":"stdout","time":2350.083964762,"data":"\n"}
,{"stream_name":"stdout","time":2350.083996873,"data":"n=350 có ứng viên=242 ứng viên=2183 llm_calls=349 errors=0 472s (1.35 s/instance)\n"}
,{"stream_name":"stdout","time":2350.084003893,"data":"\n"}
,{"stream_name":"stdout","time":2350.084008205,"data":"Exists (n=201)   recall [CI95]            precision [CI95]\n"}
,{"stream_name":"stdout","time":2350.084012212,"data":"  mine                             0.995 [0.991, 0.999]       0.668 [0.635, 0.701]\n"}
,{"stream_name":"stdout","time":2350.084017172,"data":"  kg-aware/gpt-5.1/oracle          0.532 [0.470, 0.596]       0.651 [0.582, 0.721]\n"}
,{"stream_name":"stdout","time":2350.084020529,"data":"  kg-aware/gpt-5.1/kg_rag_32       0.188 [0.145, 0.234]       0.202 [0.159, 0.250]\n"}
,{"stream_name":"stdout","time":2350.084023876,"data":"  kg-aware/gpt-5.1/oracle_kg_rag   0.429 [0.376, 0.488]       0.442 [0.386, 0.502]\n"}
,{"stream_name":"stdout","time":2350.084027505,"data":"  mine − oracle (recall, ghép cặp) 0.464 [0.399, 0.527]\n"}
,{"stream_name":"stdout","time":2350.084031509,"data":"\n"}
,{"stream_name":"stdout","time":2350.084035129,"data":"Deprecate (n=125)   recall [CI95]            precision [CI95]\n"}
,{"stream_name":"stdout","time":2350.084039301,"data":"  mine                             0.000 [0.000, 0.000]       0.000 [0.000, 0.000]\n"}
,{"stream_name":"stdout","time":2350.08404271,"data":"  kg-aware/gpt-5.1/oracle          0.352 [0.272, 0.440]       0.352 [0.272, 0.440]\n"}
,{"stream_name":"stdout","time":2350.084061608,"data":"  kg-aware/gpt-5.1/kg_rag_32       0.088 [0.040, 0.136]       0.065 [0.031, 0.105]\n"}
,{"stream_name":"stdout","time":2350.084066311,"data":"  kg-aware/gpt-5.1/oracle_kg_rag   0.124 [0.068, 0.180]       0.104 [0.055, 0.155]\n"}
,{"stream_name":"stdout","time":2350.084070277,"data":"  mine − oracle (recall, ghép cặp) -0.352 [-0.440, -0.272]\n"}
,{"stream_name":"stdout","time":2350.084074227,"data":"\n"}
,{"stream_name":"stdout","time":2350.084077745,"data":"Add (n=123)   recall [CI95]            precision [CI95]\n"}
,{"stream_name":"stdout","time":2350.084081464,"data":"  mine                             0.270 [0.202, 0.347]       0.134 [0.093, 0.184]\n"}
,{"stream_name":"stdout","time":2350.084085195,"data":"  kg-aware/gpt-5.1/oracle          0.475 [0.388, 0.568]       0.423 [0.337, 0.507]\n"}
,{"stream_name":"stdout","time":2350.084088952,"data":"  kg-aware/gpt-5.1/kg_rag_32       0.076 [0.034, 0.125]       0.059 [0.024, 0.101]\n"}
,{"stream_name":"stdout","time":2350.084092558,"data":"  kg-aware/gpt-5.1/oracle_kg_rag   0.212 [0.142, 0.285]       0.095 [0.059, 0.135]\n"}
,{"stream_name":"stdout","time":2350.084096357,"data":"  mine − oracle (recall, ghép cặp) -0.205 [-0.299, -0.116]\n"}
,{"stream_name":"stdout","time":2350.40000958,"data":"$ pip install -q sentence-transformers bert_score scipy\n"}
,{"stream_name":"stdout","time":2351.976211123,"data":"   ━━━━━━━━━━━━━━━━━━━━━━━━━━━━━━━━━━━━━━━━ 61.1/61.1 kB 2.5 MB/s eta 0:00:00\n"}
,{"stream_name":"stdout","time":2354.094643647,"data":"$ cd /kaggle/working/kltn \u0026\u0026 python scripts/score_emerge_soft.py --judge /kaggle/working/results/emerge_dev350_v3_kaggle.jsonl --add /kaggle/working/results/emerge_dev350_add_v2_kaggle.jsonl --baselines kg-aware/gpt-5.1/oracle --device cuda --out /kaggle/working/results/emerge_dev350_v3_addv2_kaggle.soft.json 2\u003e\u00261 | tee /kaggle/working/results/score.log\n"}
,{"stream_name":"stdout","time":2366.378710667,"data":"350 instances\n"}
,{"stream_name":"stdout","time":2419.4214333,"data":"Warning: You are sending unauthenticated requests to the HF Hub. Please set a HF_TOKEN to enable higher rate limits and faster downloads.\n"}
,{"stream_name":"stdout","time":2424.101480064,"data":"\rLoading weights:   0%|          | 0/199 [00:00\u003c?, ?it/s]\rLoading weights:   1%|          | 1/199 [00:00\u003c00:00, 13315.25it/s, Materializing param=embeddings.LayerNorm.bias]\rLoading weights:   1%|          | 1/199 [00:00\u003c00:00, 4593.98it/s, Materializing param=embeddings.LayerNorm.bias] \rLoading weights:   1%|          | 2/199 [00:00\u003c00:00, 3496.71it/s, Materializing param=embeddings.LayerNorm.weight]\rLoading weights:   1%|          | 2/199 [00:00\u003c00:00, 1677.39it/s, Materializing param=embeddings.LayerNorm.weight]\rLoading weights:   2%|▏         | 3/199 [00:00\u003c00:00, 1719.45it/s, Materializing param=embeddings.position_embeddings.weight]\rLoading weights:   2%|▏         | 3/199 [00:00\u003c00:00, 1574.64it/s, Materializing param=embeddings.position_embeddings.weight]\rLoading weights:   2%|▏         | 4/199 [00:00\u003c00:00, 1703.79it/s, Materializing param=embeddings.word_embeddings.weight]    \rLoading weights:   2%|▏         | 4/199 [00:00\u003c00:00, 1590.71it/s, Materializing param=embeddings.word_embeddings.weight]\rLoading weights:   3%|▎         | 5/199 [00:00\u003c00:00, 1616.43it/s, Materializing param=encoder.layer.0.attention.LayerNorm.bias]\rLoading weights:   3%|▎         | 5/199 [00:00\u003c00:00, 1458.38it/s, Materializing param=encoder.layer.0.attention.LayerNorm.bias]\rLoading weights:   3%|▎         | 6/199 [00:00\u003c00:00, 1431.83it/s, Materializing param=encoder.layer.0.attention.LayerNorm.weight]\rLoading weights:   3%|▎         | 6/199 [00:00\u003c00:00, 1315.72it/s, Materializing param=encoder.layer.0.attention.LayerNorm.weight]\rLoading weights:   4%|▎         | 7/199 [00:00\u003c00:00, 1409.04it/s, Materializing param=encoder.layer.0.attention.attn.k.bias]     \rLoading weights:   4%|▎         | 7/199 [00:00\u003c00:00, 1375.31it/s, Materializing param=encoder.layer.0.attention.attn.k.bias]\rLoading weights:   4%|▍         | 8/199 [00:00\u003c00:00, 1446.37it/s, Materializing param=encoder.layer.0.attention.attn.k.weight]\rLoading weights:   4%|▍         | 8/199 [00:00\u003c00:00, 1315.34it/s, Materializing param=encoder.layer.0.attention.attn.k.weight]\rLoading weights:   5%|▍         | 9/199 [00:00\u003c00:00, 1391.92it/s, Materializing param=encoder.layer.0.attention.attn.o.bias]  \rLoading weights:   5%|▍         | 9/199 [00:00\u003c00:00, 1354.75it/s, Materializing param=encoder.layer.0.attention.attn.o.bias]\rLoading weights:   5%|▌         | 10/199 [00:00\u003c00:00, 1432.19it/s, Materializing param=encoder.layer.0.attention.attn.o.weight]\rLoading weights:   5%|▌         | 10/199 [00:00\u003c00:00, 1407.67it/s, Materializing param=encoder.layer.0.attention.attn.o.weight]\rLoading weights:   6%|▌         | 11/199 [00:00\u003c00:00, 1338.83it/s, Materializing param=encoder.layer.0.attention.attn.q.bias]  \rLoading weights:   6%|▌         | 11/199 [00:00\u003c00:00, 1277.12it/s, Materializing param=encoder.layer.0.attention.attn.q.bias]\rLoading weights:   6%|▌         | 12/199 [00:00\u003c00:00, 1219.22it/s, Materializing param=encoder.layer.0.attention.attn.q.weight]\rLoading weights:   6%|▌         | 12/199 [00:00\u003c00:00, 1202.15it/s, Materializing param=encoder.layer.0.attention.attn.q.weight]\rLoading weights:   7%|▋         | 13/199 [00:00\u003c00:00, 1204.30it/s, Materializing param=encoder.layer.0.attention.attn.v.bias]  \rLoading weights:   7%|▋         | 13/199 [00:00\u003c00:00, 1190.24it/s, Materializing param=encoder.layer.0.attention.attn.v.bias]\rLoading weights:   7%|▋         | 14/199 [00:00\u003c00:00, 1214.68it/s, Materializing param=encoder.layer.0.attention.attn.v.weight]\rLoading weights:   7%|▋         | 14/199 [00:00\u003c00:00, 1165.08it/s, Materializing param=encoder.layer.0.attention.attn.v.weight]\rLoading weights:   8%|▊         | 15/199 [00:00\u003c00:00, 1154.46it/s, Materializing param=encoder.layer.0.intermediate.dense.bias]\rLoading weights:   8%|▊         | 15/199 [00:00\u003c00:00, 1126.57it/s, Materializing param=encoder.layer.0.intermediate.dense.bias]\rLoading weights:   8%|▊         | 16/199 [00:00\u003c00:00, 1174.14it/s, Materializing param=encoder.layer.0.intermediate.dense.weight]\rLoading weights:   8%|▊         | 16/199 [00:00\u003c00:00, 1161.74it/s, Materializing param=encoder.layer.0.intermediate.dense.weight]\rLoading weights:   9%|▊         | 17/199 [00:00\u003c00:00, 1208.08it/s, Materializing param=encoder.layer.0.output.LayerNorm.bias]    \rLoading weights:   9%|▊         | 17/199 [00:00\u003c00:00, 1193.14it/s, Materializing param=encoder.layer.0.output.LayerNorm.bias]\rLoading weights:   9%|▉         | 18/199 [00:00\u003c00:00, 1228.24it/s, Materializing param=encoder.layer.0.output.LayerNorm.weight]\rLoading weights:   9%|▉         | 18/199 [00:00\u003c00:00, 1209.95it/s, Materializing param=encoder.layer.0.output.LayerNorm.weight]\rLoading weights:  10%|▉         | 19/199 [00:00\u003c00:00, 1220.62it/s, Materializing param=encoder.layer.0.output.dense.bias]      \rLoading weights:  10%|▉         | 19/199 [00:00\u003c00:00, 1204.17it/s, Materializing param=encoder.layer.0.output.dense.bias]\rLoading weights:  10%|█         | 20/199 [00:00\u003c00:00, 1236.51it/s, Materializing param=encoder.layer.0.output.dense.weight]\rLoading weights:  10%|█         | 20/199 [00:00\u003c00:00, 1203.43it/s, Materializing param=encoder.layer.0.output.dense.weight]\rLoading weights:  11%|█         | 21/199 [00:00\u003c00:00, 1238.63it/s, Materializing param=encoder.layer.1.attention.LayerNorm.bias]\rLoading weights:  11%|█         | 21/199 [00:00\u003c00:00, 1220.25it/s, Materializing param=encoder.layer.1.attention.LayerNorm.bias]\rLoading weights:  11%|█         | 22/199 [00:00\u003c00:00, 1254.94it/s, Materializing param=encoder.layer.1.attention.LayerNorm.weight]\rLoading weights:  11%|█         | 22/199 [00:00\u003c00:00, 1225.49it/s, Materializing param=encoder.layer.1.attention.LayerNorm.weight]\rLoading weights:  12%|█▏        | 23/199 [00:00\u003c00:00, 1210.43it/s, Materializing param=encoder.layer.1.attention.attn.k.bias]     \rLoading weights:  12%|█▏        | 23/199 [00:00\u003c00:00, 1201.73it/s, Materializing param=encoder.layer.1.attention.attn.k.bias]\rLoading weights:  12%|█▏        | 24/199 [00:00\u003c00:00, 1225.11it/s, Materializing param=encoder.layer.1.attention.attn.k.weight]\rLoading weights:  12%|█▏        | 24/199 [00:00\u003c00:00, 1218.11it/s, Materializing param=encoder.layer.1.attention.attn.k.weight]\rLoading weights:  13%|█▎        | 25/199 [00:00\u003c00:00, 1219.08it/s, Materializing param=encoder.layer.1.attention.attn.o.bias]  \rLoading weights:  13%|█▎        | 25/199 [00:00\u003c00:00, 1208.72it/s, Materializing param=encoder.layer.1.attention.attn.o.bias]\rLoading weights:  13%|█▎        | 26/199 [00:00\u003c00:00, 1207.82it/s, Materializing param=encoder.layer.1.attention.attn.o.weight]\rLoading weights:  13%|█▎        | 26/199 [00:00\u003c00:00, 1168.02it/s, Materializing param=encoder.layer.1.attention.attn.o.weight]\rLoading weights:  14%|█▎        | 27/199 [00:00\u003c00:00, 1133.38it/s, Materializing param=encoder.layer.1.attention.attn.q.bias]  \rLoading weights:  14%|█▎        | 27/199 [00:00\u003c00:00, 1086.51it/s, Materializing param=encoder.layer.1.attention.attn.q.bias]\rLoading weights:  14%|█▍        | 28/199 [00:00\u003c00:00, 1095.47it/s, Materializing param=encoder.layer.1.attention.attn.q.weight]\rLoading weights:  14%|█▍        | 28/199 [00:00\u003c00:00, 1069.30it/s, Materializing param=encoder.layer.1.attention.attn.q.weight]\rLoading weights:  15%|█▍        | 29/199 [00:00\u003c00:00, 1065.46it/s, Materializing param=encoder.layer.1.attention.attn.v.bias]  \rLoading weights:  15%|█▍        | 29/199 [00:00\u003c00:00, 1059.89it/s, Materializing param=encoder.layer.1.attention.attn.v.bias]\rLoading weights:  15%|█▌        | 30/199 [00:00\u003c00:00, 1072.57it/s, Materializing param=encoder.layer.1.attention.attn.v.weight]\rLoading weights:  15%|█▌        | 30/199 [00:00\u003c00:00, 1066.81it/s, Materializing param=encoder.layer.1.attention.attn.v.weight]\rLoading weights:  16%|█▌        | 31/199 [00:00\u003c00:00, 1091.57it/s, Materializing param=encoder.layer.1.intermediate.dense.bias]\rLoading weights:  16%|█▌        | 31/199 [00:00\u003c00:00, 1080.99it/s, Materializing param=encoder.layer.1.intermediate.dense.bias]\rLoading weights:  16%|█▌        | 32/199 [00:00\u003c00:00, 1077.17it/s, Materializing param=encoder.layer.1.intermediate.dense.weight]\rLoading weights:  16%|█▌        | 32/199 [00:00\u003c00:00, 1072.78it/s, Materializing param=encoder.layer.1.intermediate.dense.weight]\rLoading weights:  17%|█▋        | 33/199 [00:00\u003c00:00, 1091.28it/s, Materializing param=encoder.layer.1.output.LayerNorm.bias]    \rLoading weights:  17%|█▋        | 33/199 [00:00\u003c00:00, 1086.39it/s, Materializing param=encoder.layer.1.output.LayerNorm.bias]\rLoading weights:  17%|█▋        | 34/199 [00:00\u003c00:00, 1083.49it/s, Materializing param=encoder.layer.1.output.LayerNorm.weight]\rLoading weights:  17%|█▋        | 34/199 [00:00\u003c00:00, 1063.82it/s, Materializing param=encoder.layer.1.output.LayerNorm.weight]\rLoading weights:  18%|█▊        | 35/199 [00:00\u003c00:00, 1071.66it/s, Materializing param=encoder.layer.1.output.dense.bias]      \rLoading weights:  18%|█▊        | 35/199 [00:00\u003c00:00, 1067.12it/s, Materializing param=encoder.layer.1.output.dense.bias]\rLoading weights:  18%|█▊        | 36/199 [00:00\u003c00:00, 1077.53it/s, Materializing param=encoder.layer.1.output.dense.weight]\rLoading weights:  18%|█▊        | 36/199 [00:00\u003c00:00, 1071.81it/s, Materializing param=encoder.layer.1.output.dense.weight]\rLoading weights:  19%|█▊        | 37/199 [00:00\u003c00:00, 1090.29it/s, Materializing param=encoder.layer.2.attention.LayerNorm.bias]\rLoading weights:  19%|█▊        | 37/199 [00:00\u003c00:00, 1085.03it/s, Materializing param=encoder.layer.2.attention.LayerNorm.bias]\rLoading weights:  19%|█▉        | 38/199 [00:00\u003c00:00, 1097.06it/s, Materializing param=encoder.layer.2.attention.LayerNorm.weight]\rLoading weights:  19%|█▉        | 38/199 [00:00\u003c00:00, 1072.67it/s, Materializing param=encoder.layer.2.attention.LayerNorm.weight]\rLoading weights:  20%|█▉        | 39/199 [00:00\u003c00:00, 1078.43it/s, Materializing param=encoder.layer.2.attention.attn.k.bias]     \rLoading weights:  20%|█▉        | 39/199 [00:00\u003c00:00, 1074.49it/s, Materializing param=encoder.layer.2.attention.attn.k.bias]\rLoading weights:  20%|██        | 40/199 [00:00\u003c00:00, 1092.59it/s, Materializing param=encoder.layer.2.attention.attn.k.weight]\rLoading weights:  20%|██        | 40/199 [00:00\u003c00:00, 1074.11it/s, Materializing param=encoder.layer.2.attention.attn.k.weight]\rLoading weights:  21%|██        | 41/199 [00:00\u003c00:00, 1077.84it/s, Materializing param=encoder.layer.2.attention.attn.o.bias]  \rLoading weights:  21%|██        | 41/199 [00:00\u003c00:00, 1074.78it/s, Materializing param=encoder.layer.2.attention.attn.o.bias]\rLoading weights:  21%|██        | 42/199 [00:00\u003c00:00, 1079.80it/s, Materializing param=encoder.layer.2.attention.attn.o.weight]\rLoading weights:  21%|██        | 42/199 [00:00\u003c00:00, 1069.32it/s, Materializing param=encoder.layer.2.attention.attn.o.weight]\rLoading weights:  22%|██▏       | 43/199 [00:00\u003c00:00, 1079.31it/s, Materializing param=encoder.layer.2.attention.attn.q.bias]  \rLoading weights:  22%|██▏       | 43/199 [00:00\u003c00:00, 1073.94it/s, Materializing param=encoder.layer.2.attention.attn.q.bias]\rLoading weights:  22%|██▏       | 44/199 [00:00\u003c00:00, 1084.09it/s, Materializing param=encoder.layer.2.attention.attn.q.weight]\rLoading weights:  22%|██▏       | 44/199 [00:00\u003c00:00, 1079.86it/s, Materializing param=encoder.layer.2.attention.attn.q.weight]\rLoading weights:  23%|██▎       | 45/199 [00:00\u003c00:00, 1083.64it/s, Materializing param=encoder.layer.2.attention.attn.v.bias]  \rLoading weights:  23%|██▎       | 45/199 [00:00\u003c00:00, 1079.24it/s, Materializing param=encoder.layer.2.attention.attn.v.bias]\rLoading weights:  23%|██▎       | 46/199 [00:00\u003c00:00, 1074.52it/s, Materializing param=encoder.layer.2.attention.attn.v.weight]\rLoading weights:  23%|██▎       | 46/199 [00:00\u003c00:00, 1070.90it/s, Materializing param=encoder.layer.2.attention.attn.v.weight]\rLoading weights:  24%|██▎       | 47/199 [00:00\u003c00:00, 1082.41it/s, Materializing param=encoder.layer.2.intermediate.dense.bias]\rLoading weights:  24%|██▎       | 47/199 [00:00\u003c00:00, 1078.01it/s, Materializing param=encoder.layer.2.intermediate.dense.bias]\rLoading weights:  24%|██▍       | 48/199 [00:00\u003c00:00, 1073.06it/s, Materializing param=encoder.layer.2.intermediate.dense.weight]\rLoading weights:  24%|██▍       | 48/199 [00:00\u003c00:00, 1069.33it/s, Materializing param=encoder.layer.2.intermediate.dense.weight]\rLoading weights:  25%|██▍       | 49/199 [00:00\u003c00:00, 1076.04it/s, Materializing param=encoder.layer.2.output.LayerNorm.bias]    \rLoading weights:  25%|██▍       | 49/199 [00:00\u003c00:00, 1072.49it/s, Materializing param=encoder.layer.2.output.LayerNorm.bias]\rLoading weights:  25%|██▌       | 50/199 [00:00\u003c00:00, 1052.25it/s, Materializing param=encoder.layer.2.output.LayerNorm.weight]\rLoading weights:  25%|██▌       | 50/199 [00:00\u003c00:00, 1048.97it/s, Materializing param=encoder.layer.2.output.LayerNorm.weight]\rLoading weights:  26%|██▌       | 51/199 [00:00\u003c00:00, 1063.44it/s, Materializing param=encoder.layer.2.output.dense.bias]      \rLoading weights:  26%|██▌       | 51/199 [00:00\u003c00:00, 1060.17it/s, Materializing param=encoder.layer.2.output.dense.bias]\rLoading weights:  26%|██▌       | 52/199 [00:00\u003c00:00, 1054.67it/s, Materializing param=encoder.layer.2.output.dense.weight]\rLoading weights:  26%|██▌       | 52/199 [00:00\u003c00:00, 1048.29it/s, Materializing param=encoder.layer.2.output.dense.weight]\rLoading weights:  27%|██▋       | 53/199 [00:00\u003c00:00, 1059.21it/s, Materializing param=encoder.layer.3.attention.LayerNorm.bias]\rLoading weights:  27%|██▋       | 53/199 [00:00\u003c00:00, 1056.26it/s, Materializing param=encoder.layer.3.attention.LayerNorm.bias]\rLoading weights:  27%|██▋       | 54/199 [00:00\u003c00:00, 1056.56it/s, Materializing param=encoder.layer.3.attention.LayerNorm.weight]\rLoading weights:  27%|██▋       | 54/199 [00:00\u003c00:00, 1053.73it/s, Materializing param=encoder.layer.3.attention.LayerNorm.weight]\rLoading weights:  28%|██▊       | 55/199 [00:00\u003c00:00, 1063.98it/s, Materializing param=encoder.layer.3.attention.attn.k.bias]     \rLoading weights:  28%|██▊       | 55/199 [00:00\u003c00:00, 1051.99it/s, Materializing param=encoder.layer.3.attention.attn.k.bias]\rLoading weights:  28%|██▊       | 56/199 [00:00\u003c00:00, 1062.62it/s, Materializing param=encoder.layer.3.attention.attn.k.weight]\rLoading weights:  28%|██▊       | 56/199 [00:00\u003c00:00, 1059.88it/s, Materializing param=encoder.layer.3.attention.attn.k.weight]\rLoading weights:  29%|██▊       | 57/199 [00:00\u003c00:00, 1057.11it/s, Materializing param=encoder.layer.3.attention.attn.o.bias]  \rLoading weights:  29%|██▊       | 57/199 [00:00\u003c00:00, 1054.44it/s, Materializing param=encoder.layer.3.attention.attn.o.bias]\rLoading weights:  29%|██▉       | 58/199 [00:00\u003c00:00, 1058.27it/s, Materializing param=encoder.layer.3.attention.attn.o.weight]\rLoading weights:  29%|██▉       | 58/199 [00:00\u003c00:00, 1055.60it/s, Materializing param=encoder.layer.3.attention.attn.o.weight]\rLoading weights:  30%|██▉       | 59/199 [00:00\u003c00:00, 1063.43it/s, Materializing param=encoder.layer.3.attention.attn.q.bias]  \rLoading weights:  30%|██▉       | 59/199 [00:00\u003c00:00, 1056.85it/s, Materializing param=encoder.layer.3.attention.attn.q.bias]\rLoading weights:  30%|███       | 60/199 [00:00\u003c00:00, 1066.28it/s, Materializing param=encoder.layer.3.attention.attn.q.weight]\rLoading weights:  30%|███       | 60/199 [00:00\u003c00:00, 1063.66it/s, Materializing param=encoder.layer.3.attention.attn.q.weight]\rLoading weights:  31%|███       | 61/199 [00:00\u003c00:00, 1074.20it/s, Materializing param=encoder.layer.3.attention.attn.v.bias]  \rLoading weights:  31%|███       | 61/199 [00:00\u003c00:00, 1066.18it/s, Materializing param=encoder.layer.3.attention.attn.v.bias]\rLoading weights:  31%|███       | 62/199 [00:00\u003c00:00, 1077.61it/s, Materializing param=encoder.layer.3.attention.attn.v.weight]\rLoading weights:  31%|███       | 62/199 [00:00\u003c00:00, 1075.40it/s, Materializing param=encoder.layer.3.attention.attn.v.weight]\rLoading weights:  32%|███▏      | 63/199 [00:00\u003c00:00, 1086.14it/s, Materializing param=encoder.layer.3.intermediate.dense.bias]\rLoading weights:  32%|███▏      | 63/199 [00:00\u003c00:00, 1080.34it/s, Materializing param=encoder.layer.3.intermediate.dense.bias]\rLoading weights:  32%|███▏      | 64/199 [00:00\u003c00:00, 1078.77it/s, Materializing param=encoder.layer.3.intermediate.dense.weight]\rLoading weights:  32%|███▏      | 64/199 [00:00\u003c00:00, 1076.31it/s, Materializing param=encoder.layer.3.intermediate.dense.weight]\rLoading weights:  33%|███▎      | 65/199 [00:00\u003c00:00, 1081.17it/s, Materializing param=encoder.layer.3.output.LayerNorm.bias]    \rLoading weights:  33%|███▎      | 65/199 [00:00\u003c00:00, 1079.03it/s, Materializing param=encoder.layer.3.output.LayerNorm.bias]\rLoading weights:  33%|███▎      | 66/199 [00:00\u003c00:00, 1089.05it/s, Materializing param=encoder.layer.3.output.LayerNorm.weight]\rLoading weights:  33%|███▎      | 66/199 [00:00\u003c00:00, 1086.59it/s, Materializing param=encoder.layer.3.output.LayerNorm.weight]\rLoading weights:  34%|███▎      | 67/199 [00:00\u003c00:00, 1093.43it/s, Materializing param=encoder.layer.3.output.dense.bias]      \rLoading weights:  34%|███▎      | 67/199 [00:00\u003c00:00, 1087.52it/s, Materializing param=encoder.layer.3.output.dense.bias]\rLoading weights:  34%|███▍      | 68/199 [00:00\u003c00:00, 1098.65it/s, Materializing param=encoder.layer.3.output.dense.weight]\rLoading weights:  34%|███▍      | 68/199 [00:00\u003c00:00, 1089.32it/s, Materializing param=encoder.layer.3.output.dense.weight]\rLoading weights:  35%|███▍      | 69/199 [00:00\u003c00:00, 1092.23it/s, Materializing param=encoder.layer.4.attention.LayerNorm.bias]\rLoading weights:  35%|███▍      | 69/199 [00:00\u003c00:00, 1090.07it/s, Materializing param=encoder.layer.4.attention.LayerNorm.bias]\rLoading weights:  35%|███▌      | 70/199 [00:00\u003c00:00, 1091.78it/s, Materializing param=encoder.layer.4.attention.LayerNorm.weight]\rLoading weights:  35%|███▌      | 70/199 [00:00\u003c00:00, 1089.17it/s, Materializing param=encoder.layer.4.attention.LayerNorm.weight]\rLoading weights:  36%|███▌      | 71/199 [00:00\u003c00:00, 1093.41it/s, Materializing param=encoder.layer.4.attention.attn.k.bias]     \rLoading weights:  36%|███▌      | 71/199 [00:00\u003c00:00, 1091.27it/s, Materializing param=encoder.layer.4.attention.attn.k.bias]\rLoading weights:  36%|███▌      | 72/199 [00:00\u003c00:00, 1095.87it/s, Materializing param=encoder.layer.4.attention.attn.k.weight]\rLoading weights:  36%|███▌      | 72/199 [00:00\u003c00:00, 1094.13it/s, Materializing param=encoder.layer.4.attention.attn.k.weight]\rLoading weights:  37%|███▋      | 73/199 [00:00\u003c00:00, 1103.70it/s, Materializing param=encoder.layer.4.attention.attn.o.bias]  \rLoading weights:  37%|███▋      | 73/199 [00:00\u003c00:00, 1099.11it/s, Materializing param=encoder.layer.4.attention.attn.o.bias]\rLoading weights:  37%|███▋      | 74/199 [00:00\u003c00:00, 1108.67it/s, Materializing param=encoder.layer.4.attention.attn.o.weight]\rLoading weights:  37%|███▋      | 74/199 [00:00\u003c00:00, 1106.50it/s, Materializing param=encoder.layer.4.attention.attn.o.weight]\rLoading weights:  38%|███▊      | 75/199 [00:00\u003c00:00, 1106.30it/s, Materializing param=encoder.layer.4.attention.attn.q.bias]  \rLoading weights:  38%|███▊      | 75/199 [00:00\u003c00:00, 1100.07it/s, Materializing param=encoder.layer.4.attention.attn.q.bias]\rLoading weights:  38%|███▊      | 76/199 [00:00\u003c00:00, 1102.12it/s, Materializing param=encoder.layer.4.attention.attn.q.weight]\rLoading weights:  38%|███▊      | 76/199 [00:00\u003c00:00, 1092.66it/s, Materializing param=encoder.layer.4.attention.attn.q.weight]\rLoading weights:  39%|███▊      | 77/199 [00:00\u003c00:00, 1100.21it/s, Materializing param=encoder.layer.4.attention.attn.v.bias]  \rLoading weights:  39%|███▊      | 77/199 [00:00\u003c00:00, 1098.43it/s, Materializing param=encoder.layer.4.attention.attn.v.bias]\rLoading weights:  39%|███▉      | 78/199 [00:00\u003c00:00, 1107.54it/s, Materializing param=encoder.layer.4.attention.attn.v.weight]\rLoading weights:  39%|███▉      | 78/199 [00:00\u003c00:00, 1104.46it/s, Materializing param=encoder.layer.4.attention.attn.v.weight]\rLoading weights:  40%|███▉      | 79/199 [00:00\u003c00:00, 1102.21it/s, Materializing param=encoder.layer.4.intermediate.dense.bias]\rLoading weights:  40%|███▉      | 79/199 [00:00\u003c00:00, 1087.83it/s, Materializing param=encoder.layer.4.intermediate.dense.bias]\rLoading weights:  40%|████      | 80/199 [00:00\u003c00:00, 1097.09it/s, Materializing param=encoder.layer.4.intermediate.dense.weight]\rLoading weights:  40%|████      | 80/199 [00:00\u003c00:00, 1093.05it/s, Materializing param=encoder.layer.4.intermediate.dense.weight]\rLoading weights:  41%|████      | 81/199 [00:00\u003c00:00, 1094.92it/s, Materializing param=encoder.layer.4.output.LayerNorm.bias]    \rLoading weights:  41%|████      | 81/199 [00:00\u003c00:00, 1092.98it/s, Materializing param=encoder.layer.4.output.LayerNorm.bias]\rLoading weights:  41%|████      | 82/199 [00:00\u003c00:00, 1101.06it/s, Materializing param=encoder.layer.4.output.LayerNorm.weight]\rLoading weights:  41%|████      | 82/199 [00:00\u003c00:00, 1094.82it/s, Materializing param=encoder.layer.4.output.LayerNorm.weight]\rLoading weights:  42%|████▏     | 83/199 [00:00\u003c00:00, 1102.74it/s, Materializing param=encoder.layer.4.output.dense.bias]      \rLoading weights:  42%|████▏     | 83/199 [00:00\u003c00:00, 1100.73it/s, Materializing param=encoder.layer.4.output.dense.bias]\rLoading weights:  42%|████▏     | 84/199 [00:00\u003c00:00, 1106.21it/s, Materializing param=encoder.layer.4.output.dense.weight]\rLoading weights:  42%|████▏     | 84/199 [00:00\u003c00:00, 1104.03it/s, Materializing param=encoder.layer.4.output.dense.weight]\rLoading weights:  43%|████▎     | 85/199 [00:00\u003c00:00, 1105.91it/s, Materializing param=encoder.layer.5.attention.LayerNorm.bias]\rLoading weights:  43%|████▎     | 85/199 [00:00\u003c00:00, 1103.88it/s, Materializing param=encoder.layer.5.attention.LayerNorm.bias]\rLoading weights:  43%|████▎     | 86/199 [00:00\u003c00:00, 1111.09it/s, Materializing param=encoder.layer.5.attention.LayerNorm.weight]\rLoading weights:  43%|████▎     | 86/199 [00:00\u003c00:00, 1106.51it/s, Materializing param=encoder.layer.5.attention.LayerNorm.weight]\rLoading weights:  44%|████▎     | 87/199 [00:00\u003c00:00, 1112.69it/s, Materializing param=encoder.layer.5.attention.attn.k.bias]     \rLoading weights:  44%|████▎     | 87/199 [00:00\u003c00:00, 1096.63it/s, Materializing param=encoder.layer.5.attention.attn.k.bias]\rLoading weights:  44%|████▍     | 88/199 [00:00\u003c00:00, 1102.98it/s, Materializing param=encoder.layer.5.attention.attn.k.weight]\rLoading weights:  44%|████▍     | 88/199 [00:00\u003c00:00, 1099.52it/s, Materializing param=encoder.layer.5.attention.attn.k.weight]\rLoading weights:  45%|████▍     | 89/199 [00:00\u003c00:00, 1100.47it/s, Materializing param=encoder.layer.5.attention.attn.o.bias]  \rLoading weights:  45%|████▍     | 89/199 [00:00\u003c00:00, 1098.58it/s, Materializing param=encoder.layer.5.attention.attn.o.bias]\rLoading weights:  45%|████▌     | 90/199 [00:00\u003c00:00, 1099.72it/s, Materializing param=encoder.layer.5.attention.attn.o.weight]\rLoading weights:  45%|████▌     | 90/199 [00:00\u003c00:00, 1097.66it/s, Materializing param=encoder.layer.5.attention.attn.o.weight]\rLoading weights:  46%|████▌     | 91/199 [00:00\u003c00:00, 1102.23it/s, Materializing param=encoder.layer.5.attention.attn.q.bias]  \rLoading weights:  46%|████▌     | 91/199 [00:00\u003c00:00, 1100.22it/s, Materializing param=encoder.layer.5.attention.attn.q.bias]\rLoading weights:  46%|████▌     | 92/199 [00:00\u003c00:00, 1107.16it/s, Materializing param=encoder.layer.5.attention.attn.q.weight]\rLoading weights:  46%|████▌     | 92/199 [00:00\u003c00:00, 1105.40it/s, Materializing param=encoder.layer.5.attention.attn.q.weight]\rLoading weights:  47%|████▋     | 93/199 [00:00\u003c00:00, 1106.68it/s, Materializing param=encoder.layer.5.attention.attn.v.bias]  \rLoading weights:  47%|████▋     | 93/199 [00:00\u003c00:00, 1104.53it/s, Materializing param=encoder.layer.5.attention.attn.v.bias]\rLoading weights:  47%|████▋     | 94/199 [00:00\u003c00:00, 1103.08it/s, Materializing param=encoder.layer.5.attention.attn.v.weight]\rLoading weights:  47%|████▋     | 94/199 [00:00\u003c00:00, 1101.24it/s, Materializing param=encoder.layer.5.attention.attn.v.weight]\rLoading weights:  48%|████▊     | 95/199 [00:00\u003c00:00, 1102.34it/s, Materializing param=encoder.layer.5.intermediate.dense.bias]\rLoading weights:  48%|████▊     | 95/199 [00:00\u003c00:00, 1093.23it/s, Materializing param=encoder.layer.5.intermediate.dense.bias]\rLoading weights:  48%|████▊     | 96/199 [00:00\u003c00:00, 1097.76it/s, Materializing param=encoder.layer.5.intermediate.dense.weight]\rLoading weights:  48%|████▊     | 96/199 [00:00\u003c00:00, 1088.57it/s, Materializing param=encoder.layer.5.intermediate.dense.weight]\rLoading weights:  49%|████▊     | 97/199 [00:00\u003c00:00, 1095.66it/s, Materializing param=encoder.layer.5.output.LayerNorm.bias]    \rLoading weights:  49%|████▊     | 97/199 [00:00\u003c00:00, 1092.53it/s, Materializing param=encoder.layer.5.output.LayerNorm.bias]\rLoading weights:  49%|████▉     | 98/199 [00:00\u003c00:00, 1096.77it/s, Materializing param=encoder.layer.5.output.LayerNorm.weight]\rLoading weights:  49%|████▉     | 98/199 [00:00\u003c00:00, 1087.81it/s, Materializing param=encoder.layer.5.output.LayerNorm.weight]\rLoading weights:  50%|████▉     | 99/199 [00:00\u003c00:00, 1094.71it/s, Materializing param=encoder.layer.5.output.dense.bias]      \rLoading weights:  50%|████▉     | 99/199 [00:00\u003c00:00, 1092.66it/s, Materializing param=encoder.layer.5.output.dense.bias]\rLoading weights:  50%|█████     | 100/199 [00:00\u003c00:00, 1090.26it/s, Materializing param=encoder.layer.5.output.dense.weight]\rLoading weights:  50%|█████     | 100/199 [00:00\u003c00:00, 1085.59it/s, Materializing param=encoder.layer.5.output.dense.weight]\rLoading weights:  51%|█████     | 101/199 [00:00\u003c00:00, 1093.17it/s, Materializing param=encoder.layer.6.attention.LayerNorm.bias]\rLoading weights:  51%|█████     | 101/199 [00:00\u003c00:00, 1091.02it/s, Materializing param=encoder.layer.6.attention.LayerNorm.bias]\rLoading weights:  51%|█████▏    | 102/199 [00:00\u003c00:00, 1078.55it/s, Materializing param=encoder.layer.6.attention.LayerNorm.weight]\rLoading weights:  51%|█████▏    | 102/199 [00:00\u003c00:00, 1076.94it/s, Materializing param=encoder.layer.6.attention.LayerNorm.weight]\rLoading weights:  52%|█████▏    | 103/199 [00:00\u003c00:00, 1080.46it/s, Materializing param=encoder.layer.6.attention.attn.k.bias]     \rLoading weights:  52%|█████▏    | 103/199 [00:00\u003c00:00, 1078.35it/s, Materializing param=encoder.layer.6.attention.attn.k.bias]\rLoading weights:  52%|█████▏    | 104/199 [00:00\u003c00:00, 1085.00it/s, Materializing param=encoder.layer.6.attention.attn.k.weight]\rLoading weights:  52%|█████▏    | 104/199 [00:00\u003c00:00, 1082.52it/s, Materializing param=encoder.layer.6.attention.attn.k.weight]\rLoading weights:  53%|█████▎    | 105/199 [00:00\u003c00:00, 1076.00it/s, Materializing param=encoder.layer.6.attention.attn.o.bias]  \rLoading weights:  53%|█████▎    | 105/199 [00:00\u003c00:00, 1074.81it/s, Materializing param=encoder.layer.6.attention.attn.o.bias]\rLoading weights:  53%|█████▎    | 106/199 [00:00\u003c00:00, 1080.39it/s, Materializing param=encoder.layer.6.attention.attn.o.weight]\rLoading weights:  53%|█████▎    | 106/199 [00:00\u003c00:00, 1079.04it/s, Materializing param=encoder.layer.6.attention.attn.o.weight]\rLoading weights:  54%|█████▍    | 107/199 [00:00\u003c00:00, 1080.88it/s, Materializing param=encoder.layer.6.attention.attn.q.bias]  \rLoading weights:  54%|█████▍    | 107/199 [00:00\u003c00:00, 1079.41it/s, Materializing param=encoder.layer.6.attention.attn.q.bias]\rLoading weights:  54%|█████▍    | 108/199 [00:00\u003c00:00, 1080.08it/s, Materializing param=encoder.layer.6.attention.attn.q.weight]\rLoading weights:  54%|█████▍    | 108/199 [00:00\u003c00:00, 1078.42it/s, Materializing param=encoder.layer.6.attention.attn.q.weight]\rLoading weights:  55%|█████▍    | 109/199 [00:00\u003c00:00, 1083.84it/s, Materializing param=encoder.layer.6.attention.attn.q.weight]\rLoading weights:  55%|█████▍    | 109/199 [00:00\u003c00:00, 1083.84it/s, Materializing param=encoder.layer.6.attention.attn.v.bias]  \rLoading weights:  55%|█████▍    | 109/199 [00:00\u003c00:00, 1083.84it/s, Materializing param=encoder.layer.6.attention.attn.v.bias]\rLoading weights:  55%|█████▌    | 110/199 [00:00\u003c00:00, 1083.84it/s, Materializing param=encoder.layer.6.attention.attn.v.weight]\rLoading weights:  55%|█████▌    | 110/199 [00:00\u003c00:00, 1083.84it/s, Materializing param=encoder.layer.6.attention.attn.v.weight]\rLoading weights:  56%|█████▌    | 111/199 [00:00\u003c00:00, 1083.84it/s, Materializing param=encoder.layer.6.intermediate.dense.bias]\rLoading weights:  56%|█████▌    | 111/199 [00:00\u003c00:00, 1083.84it/s, Materializing param=encoder.layer.6.intermediate.dense.bias]\rLoading weights:  56%|█████▋    | 112/199 [00:00\u003c00:00, 1083.84it/s, Materializing param=encoder.layer.6.intermediate.dense.weight]\rLoading weights:  56%|█████▋    | 112/199 [00:00\u003c00:00, 1083.84it/s, Materializing param=encoder.layer.6.intermediate.dense.weight]\rLoading weights:  57%|█████▋    | 113/199 [00:00\u003c00:00, 1083.84it/s, Materializing param=encoder.layer.6.output.LayerNorm.bias]    \rLoading weights:  57%|█████▋    | 113/199 [00:00\u003c00:00, 1083.84it/s, Materializing param=encoder.layer.6.output.LayerNorm.bias]\rLoading weights:  57%|█████▋    | 114/199 [00:00\u003c00:00, 1083.84it/s, Materializing param=encoder.layer.6.output.LayerNorm.weight]\rLoading weights:  57%|█████▋    | 114/199 [00:00\u003c00:00, 1083.84it/s, Materializing param=encoder.layer.6.output.LayerNorm.weight]\rLoading weights:  58%|█████▊    | 115/199 [00:00\u003c00:00, 1083.84it/s, Materializing param=encoder.layer.6.output.dense.bias]      \rLoading weights:  58%|█████▊    | 115/199 [00:00\u003c00:00, 1083.84it/s, Materializing param=encoder.layer.6.output.dense.bias]\rLoading weights:  58%|█████▊    | 116/199 [00:00\u003c00:00, 1083.84it/s, Materializing param=encoder.layer.6.output.dense.weight]\rLoading weights:  58%|█████▊    | 116/199 [00:00\u003c00:00, 1083.84it/s, Materializing param=encoder.layer.6.output.dense.weight]\rLoading weights:  59%|█████▉    | 117/199 [00:00\u003c00:00, 1083.84it/s, Materializing param=encoder.layer.7.attention.LayerNorm.bias]\rLoading weights:  59%|█████▉    | 117/199 [00:00\u003c00:00, 1083.84it/s, Materializing param=encoder.layer.7.attention.LayerNorm.bias]\rLoading weights:  59%|█████▉    | 118/199 [00:00\u003c00:00, 1083.84it/s, Materializing param=encoder.layer.7.attention.LayerNorm.weight]\rLoading weights:  59%|█████▉    | 118/199 [00:00\u003c00:00, 1083.84it/s, Materializing param=encoder.layer.7.attention.LayerNorm.weight]\rLoading weights:  60%|█████▉    | 119/199 [00:00\u003c00:00, 1083.84it/s, Materializing param=encoder.layer.7.attention.attn.k.bias]     \rLoading weights:  60%|█████▉    | 119/199 [00:00\u003c00:00, 1083.84it/s, Materializing param=encoder.layer.7.attention.attn.k.bias]\rLoading weights:  60%|██████    | 120/199 [00:00\u003c00:00, 1083.84it/s, Materializing param=encoder.layer.7.attention.attn.k.weight]\rLoading weights:  60%|██████    | 120/199 [00:00\u003c00:00, 1083.84it/s, Materializing param=encoder.layer.7.attention.attn.k.weight]\rLoading weights:  61%|██████    | 121/199 [00:00\u003c00:00, 1083.84it/s, Materializing param=encoder.layer.7.attention.attn.o.bias]  \rLoading weights:  61%|██████    | 121/199 [00:00\u003c00:00, 1083.84it/s, Materializing param=encoder.layer.7.attention.attn.o.bias]\rLoading weights:  61%|██████▏   | 122/199 [00:00\u003c00:00, 1083.84it/s, Materializing param=encoder.layer.7.attention.attn.o.weight]\rLoading weights:  61%|██████▏   | 122/199 [00:00\u003c00:00, 1083.84it/s, Materializing param=encoder.layer.7.attention.attn.o.weight]\rLoading weights:  62%|██████▏   | 123/199 [00:00\u003c00:00, 1083.84it/s, Materializing param=encoder.layer.7.attention.attn.q.bias]  \rLoading weights:  62%|██████▏   | 123/199 [00:00\u003c00:00, 1083.84it/s, Materializing param=encoder.layer.7.attention.attn.q.bias]\rLoading weights:  62%|██████▏   | 124/199 [00:00\u003c00:00, 1083.84it/s, Materializing param=encoder.layer.7.attention.attn.q.weight]\rLoading weights:  62%|██████▏   | 124/199 [00:00\u003c00:00, 1083.84it/s, Materializing param=encoder.layer.7.attention.attn.q.weight]\rLoading weights:  63%|██████▎   | 125/199 [00:00\u003c00:00, 1083.84it/s, Materializing param=encoder.layer.7.attention.attn.v.bias]  \rLoading weights:  63%|██████▎   | 125/199 [00:00\u003c00:00, 1083.84it/s, Materializing param=encoder.layer.7.attention.attn.v.bias]\rLoading weights:  63%|██████▎   | 126/199 [00:00\u003c00:00, 1083.84it/s, Materializing param=encoder.layer.7.attention.attn.v.weight]\rLoading weights:  63%|██████▎   | 126/199 [00:00\u003c00:00, 1083.84it/s, Materializing param=encoder.layer.7.attention.attn.v.weight]\rLoading weights:  64%|██████▍   | 127/199 [00:00\u003c00:00, 1083.84it/s, Materializing param=encoder.layer.7.intermediate.dense.bias]\rLoading weights:  64%|██████▍   | 127/199 [00:00\u003c00:00, 1083.84it/s, Materializing param=encoder.layer.7.intermediate.dense.bias]\rLoading weights:  64%|██████▍   | 128/199 [00:00\u003c00:00, 1083.84it/s, Materializing param=encoder.layer.7.intermediate.dense.weight]\rLoading weights:  64%|██████▍   | 128/199 [00:00\u003c00:00, 1083.84it/s, Materializing param=encoder.layer.7.intermediate.dense.weight]\rLoading weights:  65%|██████▍   | 129/199 [00:00\u003c00:00, 1083.84it/s, Materializing param=encoder.layer.7.output.LayerNorm.bias]    \rLoading weights:  65%|██████▍   | 129/199 [00:00\u003c00:00, 1083.84it/s, Materializing param=encoder.layer.7.output.LayerNorm.bias]\rLoading weights:  65%|██████▌   | 130/199 [00:00\u003c00:00, 1083.84it/s, Materializing param=encoder.layer.7.output.LayerNorm.weight]\rLoading weights:  65%|██████▌   | 130/199 [00:00\u003c00:00, 1083.84it/s, Materializing param=encoder.layer.7.output.LayerNorm.weight]\rLoading weights:  66%|██████▌   | 131/199 [00:00\u003c00:00, 1083.84it/s, Materializing param=encoder.layer.7.output.dense.bias]      \rLoading weights:  66%|██████▌   | 131/199 [00:00\u003c00:00, 1083.84it/s, Materializing param=encoder.layer.7.output.dense.bias]\rLoading weights:  66%|██████▋   | 132/199 [00:00\u003c00:00, 1083.84it/s, Materializing param=encoder.layer.7.output.dense.weight]\rLoading weights:  66%|██████▋   | 132/199 [00:00\u003c00:00, 1083.84it/s, Materializing param=encoder.layer.7.output.dense.weight]\rLoading weights:  67%|██████▋   | 133/199 [00:00\u003c00:00, 1083.84it/s, Materializing param=encoder.layer.8.attention.LayerNorm.bias]\rLoading weights:  67%|██████▋   | 133/199 [00:00\u003c00:00, 1083.84it/s, Materializing param=encoder.layer.8.attention.LayerNorm.bias]\rLoading weights:  67%|██████▋   | 134/199 [00:00\u003c00:00, 1083.84it/s, Materializing param=encoder.layer.8.attention.LayerNorm.weight]\rLoading weights:  67%|██████▋   | 134/199 [00:00\u003c00:00, 1083.84it/s, Materializing param=encoder.layer.8.attention.LayerNorm.weight]\rLoading weights:  68%|██████▊   | 135/199 [00:00\u003c00:00, 1083.84it/s, Materializing param=encoder.layer.8.attention.attn.k.bias]     \rLoading weights:  68%|██████▊   | 135/199 [00:00\u003c00:00, 1083.84it/s, Materializing param=encoder.layer.8.attention.attn.k.bias]\rLoading weights:  68%|██████▊   | 136/199 [00:00\u003c00:00, 1083.84it/s, Materializing param=encoder.layer.8.attention.attn.k.weight]\rLoading weights:  68%|██████▊   | 136/199 [00:00\u003c00:00, 1083.84it/s, Materializing param=encoder.layer.8.attention.attn.k.weight]\rLoading weights:  69%|██████▉   | 137/199 [00:00\u003c00:00, 1083.84it/s, Materializing param=encoder.layer.8.attention.attn.o.bias]  \rLoading weights:  69%|██████▉   | 137/199 [00:00\u003c00:00, 1083.84it/s, Materializing param=encoder.layer.8.attention.attn.o.bias]\rLoading weights:  69%|██████▉   | 138/199 [00:00\u003c00:00, 1083.84it/s, Materializing param=encoder.layer.8.attention.attn.o.weight]\rLoading weights:  69%|██████▉   | 138/199 [00:00\u003c00:00, 1083.84it/s, Materializing param=encoder.layer.8.attention.attn.o.weight]\rLoading weights:  70%|██████▉   | 139/199 [00:00\u003c00:00, 1083.84it/s, Materializing param=encoder.layer.8.attention.attn.q.bias]  \rLoading weights:  70%|██████▉   | 139/199 [00:00\u003c00:00, 1083.84it/s, Materializing param=encoder.layer.8.attention.attn.q.bias]\rLoading weights:  70%|███████   | 140/199 [00:00\u003c00:00, 1083.84it/s, Materializing param=encoder.layer.8.attention.attn.q.weight]\rLoading weights:  70%|███████   | 140/199 [00:00\u003c00:00, 1083.84it/s, Materializing param=encoder.layer.8.attention.attn.q.weight]\rLoading weights:  71%|███████   | 141/199 [00:00\u003c00:00, 1083.84it/s, Materializing param=encoder.layer.8.attention.attn.v.bias]  \rLoading weights:  71%|███████   | 141/199 [00:00\u003c00:00, 1083.84it/s, Materializing param=encoder.layer.8.attention.attn.v.bias]\rLoading weights:  71%|███████▏  | 142/199 [00:00\u003c00:00, 1083.84it/s, Materializing param=encoder.layer.8.attention.attn.v.weight]\rLoading weights:  71%|███████▏  | 142/199 [00:00\u003c00:00, 1083.84it/s, Materializing param=encoder.layer.8.attention.attn.v.weight]\rLoading weights:  72%|███████▏  | 143/199 [00:00\u003c00:00, 1083.84it/s, Materializing param=encoder.layer.8.intermediate.dense.bias]\rLoading weights:  72%|███████▏  | 143/199 [00:00\u003c00:00, 1083.84it/s, Materializing param=encoder.layer.8.intermediate.dense.bias]\rLoading weights:  72%|███████▏  | 144/199 [00:00\u003c00:00, 1083.84it/s, Materializing param=encoder.layer.8.intermediate.dense.weight]\rLoading weights:  72%|███████▏  | 144/199 [00:00\u003c00:00, 1083.84it/s, Materializing param=encoder.layer.8.intermediate.dense.weight]\rLoading weights:  73%|███████▎  | 145/199 [00:00\u003c00:00, 1083.84it/s, Materializing param=encoder.layer.8.output.LayerNorm.bias]    \rLoading weights:  73%|███████▎  | 145/199 [00:00\u003c00:00, 1083.84it/s, Materializing param=encoder.layer.8.output.LayerNorm.bias]\rLoading weights:  73%|███████▎  | 146/199 [00:00\u003c00:00, 1083.84it/s, Materializing param=encoder.layer.8.output.LayerNorm.weight]\rLoading weights:  73%|███████▎  | 146/199 [00:00\u003c00:00, 1083.84it/s, Materializing param=encoder.layer.8.output.LayerNorm.weight]\rLoading weights:  74%|███████▍  | 147/199 [00:00\u003c00:00, 1083.84it/s, Materializing param=encoder.layer.8.output.dense.bias]      \rLoading weights:  74%|███████▍  | 147/199 [00:00\u003c00:00, 1083.84it/s, Materializing param=encoder.layer.8.output.dense.bias]\rLoading weights:  74%|███████▍  | 148/199 [00:00\u003c00:00, 1083.84it/s, Materializing param=encoder.layer.8.output.dense.weight]\rLoading weights:  74%|███████▍  | 148/199 [00:00\u003c00:00, 1083.84it/s, Materializing param=encoder.layer.8.output.dense.weight]\rLoading weights:  75%|███████▍  | 149/199 [00:00\u003c00:00, 1083.84it/s, Materializing param=encoder.layer.9.attention.LayerNorm.bias]\rLoading weights:  75%|███████▍  | 149/199 [00:00\u003c00:00, 1083.84it/s, Materializing param=encoder.layer.9.attention.LayerNorm.bias]\rLoading weights:  75%|███████▌  | 150/199 [00:00\u003c00:00, 1083.84it/s, Materializing param=encoder.layer.9.attention.LayerNorm.weight]\rLoading weights:  75%|███████▌  | 150/199 [00:00\u003c00:00, 1083.84it/s, Materializing param=encoder.layer.9.attention.LayerNorm.weight]\rLoading weights:  76%|███████▌  | 151/199 [00:00\u003c00:00, 1083.84it/s, Materializing param=encoder.layer.9.attention.attn.k.bias]     \rLoading weights:  76%|███████▌  | 151/199 [00:00\u003c00:00, 1083.84it/s, Materializing param=encoder.layer.9.attention.attn.k.bias]\rLoading weights:  76%|███████▋  | 152/199 [00:00\u003c00:00, 1083.84it/s, Materializing param=encoder.layer.9.attention.attn.k.weight]\rLoading weights:  76%|███████▋  | 152/199 [00:00\u003c00:00, 1083.84it/s, Materializing param=encoder.layer.9.attention.attn.k.weight]\rLoading weights:  77%|███████▋  | 153/199 [00:00\u003c00:00, 1083.84it/s, Materializing param=encoder.layer.9.attention.attn.o.bias]  \rLoading weights:  77%|███████▋  | 153/199 [00:00\u003c00:00, 1083.84it/s, Materializing param=encoder.layer.9.attention.attn.o.bias]\rLoading weights:  77%|███████▋  | 154/199 [00:00\u003c00:00, 1083.84it/s, Materializing param=encoder.layer.9.attention.attn.o.weight]\rLoading weights:  77%|███████▋  | 154/199 [00:00\u003c00:00, 1083.84it/s, Materializing param=encoder.layer.9.attention.attn.o.weight]\rLoading weights:  78%|███████▊  | 155/199 [00:00\u003c00:00, 1083.84it/s, Materializing param=encoder.layer.9.attention.attn.q.bias]  \rLoading weights:  78%|███████▊  | 155/199 [00:00\u003c00:00, 1083.84it/s, Materializing param=encoder.layer.9.attention.attn.q.bias]\rLoading weights:  78%|███████▊  | 156/199 [00:00\u003c00:00, 1083.84it/s, Materializing param=encoder.layer.9.attention.attn.q.weight]\rLoading weights:  78%|███████▊  | 156/199 [00:00\u003c00:00, 1083.84it/s, Materializing param=encoder.layer.9.attention.attn.q.weight]\rLoading weights:  79%|███████▉  | 157/199 [00:00\u003c00:00, 1083.84it/s, Materializing param=encoder.layer.9.attention.attn.v.bias]  \rLoading weights:  79%|███████▉  | 157/199 [00:00\u003c00:00, 1083.84it/s, Materializing param=encoder.layer.9.attention.attn.v.bias]\rLoading weights:  79%|███████▉  | 158/199 [00:00\u003c00:00, 1083.84it/s, Materializing param=encoder.layer.9.attention.attn.v.weight]\rLoading weights:  79%|███████▉  | 158/199 [00:00\u003c00:00, 1083.84it/s, Materializing param=encoder.layer.9.attention.attn.v.weight]\rLoading weights:  80%|███████▉  | 159/199 [00:00\u003c00:00, 1083.84it/s, Materializing param=encoder.layer.9.intermediate.dense.bias]\rLoading weights:  80%|███████▉  | 159/199 [00:00\u003c00:00, 1083.84it/s, Materializing param=encoder.layer.9.intermediate.dense.bias]\rLoading weights:  80%|████████  | 160/199 [00:00\u003c00:00, 1083.84it/s, Materializing param=encoder.layer.9.intermediate.dense.weight]\rLoading weights:  80%|████████  | 160/199 [00:00\u003c00:00, 1083.84it/s, Materializing param=encoder.layer.9.intermediate.dense.weight]\rLoading weights:  81%|████████  | 161/199 [00:00\u003c00:00, 1083.84it/s, Materializing param=encoder.layer.9.output.LayerNorm.bias]    \rLoading weights:  81%|████████  | 161/199 [00:00\u003c00:00, 1083.84it/s, Materializing param=encoder.layer.9.output.LayerNorm.bias]\rLoading weights:  81%|████████▏ | 162/199 [00:00\u003c00:00, 1083.84it/s, Materializing param=encoder.layer.9.output.LayerNorm.weight]\rLoading weights:  81%|████████▏ | 162/199 [00:00\u003c00:00, 1083.84it/s, Materializing param=encoder.layer.9.output.LayerNorm.weight]\rLoading weights:  82%|████████▏ | 163/199 [00:00\u003c00:00, 1083.84it/s, Materializing param=encoder.layer.9.output.dense.bias]      \rLoading weights:  82%|████████▏ | 163/199 [00:00\u003c00:00, 1083.84it/s, Materializing param=encoder.layer.9.output.dense.bias]\rLoading weights:  82%|████████▏ | 164/199 [00:00\u003c00:00, 1083.84it/s, Materializing param=encoder.layer.9.output.dense.weight]\rLoading weights:  82%|████████▏ | 164/199 [00:00\u003c00:00, 1083.84it/s, Materializing param=encoder.layer.9.output.dense.weight]\rLoading weights:  83%|████████▎ | 165/199 [00:00\u003c00:00, 1083.84it/s, Materializing param=encoder.layer.10.attention.LayerNorm.bias]\rLoading weights:  83%|████████▎ | 165/199 [00:00\u003c00:00, 1083.84it/s, Materializing param=encoder.layer.10.attention.LayerNorm.bias]\rLoading weights:  83%|████████▎ | 166/199 [00:00\u003c00:00, 1083.84it/s, Materializing param=encoder.layer.10.attention.LayerNorm.weight]\rLoading weights:  83%|████████▎ | 166/199 [00:00\u003c00:00, 1083.84it/s, Materializing param=encoder.layer.10.attention.LayerNorm.weight]\rLoading weights:  84%|████████▍ | 167/199 [00:00\u003c00:00, 1083.84it/s, Materializing param=encoder.layer.10.attention.attn.k.bias]     \rLoading weights:  84%|████████▍ | 167/199 [00:00\u003c00:00, 1083.84it/s, Materializing param=encoder.layer.10.attention.attn.k.bias]\rLoading weights:  84%|████████▍ | 168/199 [00:00\u003c00:00, 1083.84it/s, Materializing param=encoder.layer.10.attention.attn.k.weight]\rLoading weights:  84%|████████▍ | 168/199 [00:00\u003c00:00, 1083.84it/s, Materializing param=encoder.layer.10.attention.attn.k.weight]\rLoading weights:  85%|████████▍ | 169/199 [00:00\u003c00:00, 1083.84it/s, Materializing param=encoder.layer.10.attention.attn.o.bias]  \rLoading weights:  85%|████████▍ | 169/199 [00:00\u003c00:00, 1083.84it/s, Materializing param=encoder.layer.10.attention.attn.o.bias]\rLoading weights:  85%|████████▌ | 170/199 [00:00\u003c00:00, 1083.84it/s, Materializing param=encoder.layer.10.attention.attn.o.weight]\rLoading weights:  85%|████████▌ | 170/199 [00:00\u003c00:00, 1083.84it/s, Materializing param=encoder.layer.10.attention.attn.o.weight]\rLoading weights:  86%|████████▌ | 171/199 [00:00\u003c00:00, 1083.84it/s, Materializing param=encoder.layer.10.attention.attn.q.bias]  \rLoading weights:  86%|████████▌ | 171/199 [00:00\u003c00:00, 1083.84it/s, Materializing param=encoder.layer.10.attention.attn.q.bias]\rLoading weights:  86%|████████▋ | 172/199 [00:00\u003c00:00, 1083.84it/s, Materializing param=encoder.layer.10.attention.attn.q.weight]\rLoading weights:  86%|████████▋ | 172/199 [00:00\u003c00:00, 1083.84it/s, Materializing param=encoder.layer.10.attention.attn.q.weight]\rLoading weights:  87%|████████▋ | 173/199 [00:00\u003c00:00, 1083.84it/s, Materializing param=encoder.layer.10.attention.attn.v.bias]  \rLoading weights:  87%|████████▋ | 173/199 [00:00\u003c00:00, 1083.84it/s, Materializing param=encoder.layer.10.attention.attn.v.bias]\rLoading weights:  87%|████████▋ | 174/199 [00:00\u003c00:00, 1083.84it/s, Materializing param=encoder.layer.10.attention.attn.v.weight]\rLoading weights:  87%|████████▋ | 174/199 [00:00\u003c00:00, 1083.84it/s, Materializing param=encoder.layer.10.attention.attn.v.weight]\rLoading weights:  88%|████████▊ | 175/199 [00:00\u003c00:00, 1083.84it/s, Materializing param=encoder.layer.10.intermediate.dense.bias]\rLoading weights:  88%|████████▊ | 175/199 [00:00\u003c00:00, 1083.84it/s, Materializing param=encoder.layer.10.intermediate.dense.bias]\rLoading weights:  88%|████████▊ | 176/199 [00:00\u003c00:00, 1083.84it/s, Materializing param=encoder.layer.10.intermediate.dense.weight]\rLoading weights:  88%|████████▊ | 176/199 [00:00\u003c00:00, 1083.84it/s, Materializing param=encoder.layer.10.intermediate.dense.weight]\rLoading weights:  89%|████████▉ | 177/199 [00:00\u003c00:00, 1083.84it/s, Materializing param=encoder.layer.10.output.LayerNorm.bias]    \rLoading weights:  89%|████████▉ | 177/199 [00:00\u003c00:00, 1083.84it/s, Materializing param=encoder.layer.10.output.LayerNorm.bias]\rLoading weights:  89%|████████▉ | 178/199 [00:00\u003c00:00, 1083.84it/s, Materializing param=encoder.layer.10.output.LayerNorm.weight]\rLoading weights:  89%|████████▉ | 178/199 [00:00\u003c00:00, 1083.84it/s, Materializing param=encoder.layer.10.output.LayerNorm.weight]\rLoading weights:  90%|████████▉ | 179/199 [00:00\u003c00:00, 1083.84it/s, Materializing param=encoder.layer.10.output.dense.bias]      \rLoading weights:  90%|████████▉ | 179/199 [00:00\u003c00:00, 1083.84it/s, Materializing param=encoder.layer.10.output.dense.bias]\rLoading weights:  90%|█████████ | 180/199 [00:00\u003c00:00, 1083.84it/s, Materializing param=encoder.layer.10.output.dense.weight]\rLoading weights:  90%|█████████ | 180/199 [00:00\u003c00:00, 1083.84it/s, Materializing param=encoder.layer.10.output.dense.weight]\rLoading weights:  91%|█████████ | 181/199 [00:00\u003c00:00, 1083.84it/s, Materializing param=encoder.layer.11.attention.LayerNorm.bias]\rLoading weights:  91%|█████████ | 181/199 [00:00\u003c00:00, 1083.84it/s, Materializing param=encoder.layer.11.attention.LayerNorm.bias]\rLoading weights:  91%|█████████▏| 182/199 [00:00\u003c00:00, 1083.84it/s, Materializing param=encoder.layer.11.attention.LayerNorm.weight]\rLoading weights:  91%|█████████▏| 182/199 [00:00\u003c00:00, 1083.84it/s, Materializing param=encoder.layer.11.attention.LayerNorm.weight]\rLoading weights:  92%|█████████▏| 183/199 [00:00\u003c00:00, 1083.84it/s, Materializing param=encoder.layer.11.attention.attn.k.bias]     \rLoading weights:  92%|█████████▏| 183/199 [00:00\u003c00:00, 1083.84it/s, Materializing param=encoder.layer.11.attention.attn.k.bias]\rLoading weights:  92%|█████████▏| 184/199 [00:00\u003c00:00, 1083.84it/s, Materializing param=encoder.layer.11.attention.attn.k.weight]\rLoading weights:  92%|█████████▏| 184/199 [00:00\u003c00:00, 1083.84it/s, Materializing param=encoder.layer.11.attention.attn.k.weight]\rLoading weights:  93%|█████████▎| 185/199 [00:00\u003c00:00, 1083.84it/s, Materializing param=encoder.layer.11.attention.attn.o.bias]  \rLoading weights:  93%|█████████▎| 185/199 [00:00\u003c00:00, 1083.84it/s, Materializing param=encoder.layer.11.attention.attn.o.bias]\rLoading weights:  93%|█████████▎| 186/199 [00:00\u003c00:00, 1083.84it/s, Materializing param=encoder.layer.11.attention.attn.o.weight]\rLoading weights:  93%|█████████▎| 186/199 [00:00\u003c00:00, 1083.84it/s, Materializing param=encoder.layer.11.attention.attn.o.weight]\rLoading weights:  94%|█████████▍| 187/199 [00:00\u003c00:00, 1083.84it/s, Materializing param=encoder.layer.11.attention.attn.q.bias]  \rLoading weights:  94%|█████████▍| 187/199 [00:00\u003c00:00, 1083.84it/s, Materializing param=encoder.layer.11.attention.attn.q.bias]\rLoading weights:  94%|█████████▍| 188/199 [00:00\u003c00:00, 1083.84it/s, Materializing param=encoder.layer.11.attention.attn.q.weight]\rLoading weights:  94%|█████████▍| 188/199 [00:00\u003c00:00, 1083.84it/s, Materializing param=encoder.layer.11.attention.attn.q.weight]\rLoading weights:  95%|█████████▍| 189/199 [00:00\u003c00:00, 1083.84it/s, Materializing param=encoder.layer.11.attention.attn.v.bias]  \rLoading weights:  95%|█████████▍| 189/199 [00:00\u003c00:00, 1083.84it/s, Materializing param=encoder.layer.11.attention.attn.v.bias]\rLoading weights:  95%|█████████▌| 190/199 [00:00\u003c00:00, 1083.84it/s, Materializing param=encoder.layer.11.attention.attn.v.weight]\rLoading weights:  95%|█████████▌| 190/199 [00:00\u003c00:00, 1083.84it/s, Materializing param=encoder.layer.11.attention.attn.v.weight]\rLoading weights:  96%|█████████▌| 191/199 [00:00\u003c00:00, 1083.84it/s, Materializing param=encoder.layer.11.intermediate.dense.bias]\rLoading weights:  96%|█████████▌| 191/199 [00:00\u003c00:00, 1083.84it/s, Materializing param=encoder.layer.11.intermediate.dense.bias]\rLoading weights:  96%|█████████▋| 192/199 [00:00\u003c00:00, 1083.84it/s, Materializing param=encoder.layer.11.intermediate.dense.weight]\rLoading weights:  96%|█████████▋| 192/199 [00:00\u003c00:00, 1083.84it/s, Materializing param=encoder.layer.11.intermediate.dense.weight]\rLoading weights:  97%|█████████▋| 193/199 [00:00\u003c00:00, 1083.84it/s, Materializing param=encoder.layer.11.output.LayerNorm.bias]    \rLoading weights:  97%|█████████▋| 193/199 [00:00\u003c00:00, 1083.84it/s, Materializing param=encoder.layer.11.output.LayerNorm.bias]\rLoading weights:  97%|█████████▋| 194/199 [00:00\u003c00:00, 1083.84it/s, Materializing param=encoder.layer.11.output.LayerNorm.weight]\rLoading weights:  97%|█████████▋| 194/199 [00:00\u003c00:00, 1083.84it/s, Materializing param=encoder.layer.11.output.LayerNorm.weight]\rLoading weights:  98%|█████████▊| 195/199 [00:00\u003c00:00, 1083.84it/s, Materializing param=encoder.layer.11.output.dense.bias]      \rLoading weights:  98%|█████████▊| 195/199 [00:00\u003c00:00, 1083.84it/s, Materializing param=encoder.layer.11.output.dense.bias]\rLoading weights:  98%|█████████▊| 196/199 [00:00\u003c00:00, 1083.84it/s, Materializing param=encoder.layer.11.output.dense.weight]\rLoading weights:  98%|█████████▊| 196/199 [00:00\u003c00:00, 1083.84it/s, Materializing param=encoder.layer.11.output.dense.weight]\rLoading weights:  99%|█████████▉| 197/199 [00:00\u003c00:00, 1083.84it/s, Materializing param=encoder.relative_attention_bias.weight]\rLoading weights:  99%|█████████▉| 197/199 [00:00\u003c00:00, 1083.84it/s, Materializing param=encoder.relative_attention_bias.weight]\rLoading weights:  99%|█████████▉| 198/199 [00:00\u003c00:00, 1083.84it/s, Materializing param=pooler.dense.bias]                     \rLoading weights:  99%|█████████▉| 198/199 [00:00\u003c00:00, 1083.84it/s, Materializing param=pooler.dense.bias]\rLoading weights: 100%|██████████| 199/199 [00:00\u003c00:00, 1083.84it/s, Materializing param=pooler.dense.weight]\rLoading weights: 100%|██████████| 199/199 [00:00\u003c00:00, 1083.84it/s, Materializing param=pooler.dense.weight]\rLoading weights: 100%|██████████| 199/199 [00:00\u003c00:00, 1442.14it/s, Materializing param=pooler.dense.weight]\n"}
,{"stream_name":"stdout","time":2424.121102944,"data":"MPNetModel LOAD REPORT from: sentence-transformers/all-mpnet-base-v2\n"}
,{"stream_name":"stdout","time":2424.121118145,"data":"Key                     | Status     |  | \n"}
,{"stream_name":"stdout","time":2424.121122688,"data":"------------------------+------------+--+-\n"}
,{"stream_name":"stdout","time":2424.121127974,"data":"embeddings.position_ids | UNEXPECTED |  | \n"}
,{"stream_name":"stdout","time":2424.12114157,"data":"\n"}
,{"stream_name":"stdout","time":2424.121143994,"data":"Notes:\n"}
,{"stream_name":"stdout","time":2424.121146384,"data":"- UNEXPECTED\t:can be ignored when loading from different task/architecture; not ok if you expect identical arch.\n"}
,{"stream_name":"stdout","time":2431.943981317,"data":"\rLoading weights:   0%|          | 0/199 [00:00\u003c?, ?it/s]\rLoading weights:   1%|          | 1/199 [00:00\u003c00:00, 23301.69it/s, Materializing param=embeddings.LayerNorm.bias]\rLoading weights:   1%|          | 1/199 [00:00\u003c00:00, 4140.48it/s, Materializing param=embeddings.LayerNorm.bias] \rLoading weights:   1%|          | 2/199 [00:00\u003c00:00, 3768.47it/s, Materializing param=embeddings.LayerNorm.weight]\rLoading weights:   1%|          | 2/199 [00:00\u003c00:00, 2878.73it/s, Materializing param=embeddings.LayerNorm.weight]\rLoading weights:   2%|▏         | 3/199 [00:00\u003c00:00, 1600.07it/s, Materializing param=embeddings.position_embeddings.weight]\rLoading weights:   2%|▏         | 3/199 [00:00\u003c00:00, 1467.22it/s, Materializing param=embeddings.position_embeddings.weight]\rLoading weights:   2%|▏         | 4/199 [00:00\u003c00:00, 1543.73it/s, Materializing param=embeddings.token_type_embeddings.weight]\rLoading weights:   2%|▏         | 4/199 [00:00\u003c00:00, 1451.32it/s, Materializing param=embeddings.token_type_embeddings.weight]\rLoading weights:   3%|▎         | 5/199 [00:00\u003c00:00, 1466.13it/s, Materializing param=embeddings.word_embeddings.weight]      \rLoading weights:   3%|▎         | 5/199 [00:00\u003c00:00, 1319.63it/s, Materializing param=embeddings.word_embeddings.weight]\rLoading weights:   3%|▎         | 6/199 [00:00\u003c00:00, 1224.91it/s, Materializing param=encoder.layer.0.attention.output.LayerNorm.bias]\rLoading weights:   3%|▎         | 6/199 [00:00\u003c00:00, 1196.83it/s, Materializing param=encoder.layer.0.attention.output.LayerNorm.bias]\rLoading weights:   4%|▎         | 7/199 [00:00\u003c00:00, 1290.16it/s, Materializing param=encoder.layer.0.attention.output.LayerNorm.weight]\rLoading weights:   4%|▎         | 7/199 [00:00\u003c00:00, 1251.71it/s, Materializing param=encoder.layer.0.attention.output.LayerNorm.weight]\rLoading weights:   4%|▍         | 8/199 [00:00\u003c00:00, 1275.01it/s, Materializing param=encoder.layer.0.attention.output.dense.bias]      \rLoading weights:   4%|▍         | 8/199 [00:00\u003c00:00, 1142.36it/s, Materializing param=encoder.layer.0.attention.output.dense.bias]\rLoading weights:   5%|▍         | 9/199 [00:00\u003c00:00, 1180.64it/s, Materializing param=encoder.layer.0.attention.output.dense.weight]\rLoading weights:   5%|▍         | 9/199 [00:00\u003c00:00, 1159.32it/s, Materializing param=encoder.layer.0.attention.output.dense.weight]\rLoading weights:   5%|▌         | 10/199 [00:00\u003c00:00, 1239.67it/s, Materializing param=encoder.layer.0.attention.self.key.bias]     \rLoading weights:   5%|▌         | 10/199 [00:00\u003c00:00, 1180.06it/s, Materializing param=encoder.layer.0.attention.self.key.bias]\rLoading weights:   6%|▌         | 11/199 [00:00\u003c00:00, 1244.00it/s, Materializing param=encoder.layer.0.attention.self.key.weight]\rLoading weights:   6%|▌         | 11/199 [00:00\u003c00:00, 1171.98it/s, Materializing param=encoder.layer.0.attention.self.key.weight]\rLoading weights:   6%|▌         | 12/199 [00:00\u003c00:00, 1231.96it/s, Materializing param=encoder.layer.0.attention.self.query.bias]\rLoading weights:   6%|▌         | 12/199 [00:00\u003c00:00, 1214.63it/s, Materializing param=encoder.layer.0.attention.self.query.bias]\rLoading weights:   7%|▋         | 13/199 [00:00\u003c00:00, 1249.76it/s, Materializing param=encoder.layer.0.attention.self.query.weight]\rLoading weights:   7%|▋         | 13/199 [00:00\u003c00:00, 1197.53it/s, Materializing param=encoder.layer.0.attention.self.query.weight]\rLoading weights:   7%|▋         | 14/199 [00:00\u003c00:00, 1247.91it/s, Materializing param=encoder.layer.0.attention.self.value.bias]  \rLoading weights:   7%|▋         | 14/199 [00:00\u003c00:00, 1232.45it/s, Materializing param=encoder.layer.0.attention.self.value.bias]\rLoading weights:   8%|▊         | 15/199 [00:00\u003c00:00, 1274.86it/s, Materializing param=encoder.layer.0.attention.self.value.weight]\rLoading weights:   8%|▊         | 15/199 [00:00\u003c00:00, 1235.24it/s, Materializing param=encoder.layer.0.attention.self.value.weight]\rLoading weights:   8%|▊         | 16/199 [00:00\u003c00:00, 1222.47it/s, Materializing param=encoder.layer.0.intermediate.dense.bias]    \rLoading weights:   8%|▊         | 16/199 [00:00\u003c00:00, 1209.39it/s, Materializing param=encoder.layer.0.intermediate.dense.bias]\rLoading weights:   9%|▊         | 17/199 [00:00\u003c00:00, 1252.12it/s, Materializing param=encoder.layer.0.intermediate.dense.weight]\rLoading weights:   9%|▊         | 17/199 [00:00\u003c00:00, 1241.74it/s, Materializing param=encoder.layer.0.intermediate.dense.weight]\rLoading weights:   9%|▉         | 18/199 [00:00\u003c00:00, 1188.79it/s, Materializing param=encoder.layer.0.output.LayerNorm.bias]    \rLoading weights:   9%|▉         | 18/199 [00:00\u003c00:00, 1156.77it/s, Materializing param=encoder.layer.0.output.LayerNorm.bias]\rLoading weights:  10%|▉         | 19/199 [00:00\u003c00:00, 1180.32it/s, Materializing param=encoder.layer.0.output.LayerNorm.weight]\rLoading weights:  10%|▉         | 19/199 [00:00\u003c00:00, 1169.36it/s, Materializing param=encoder.layer.0.output.LayerNorm.weight]\rLoading weights:  10%|█         | 20/199 [00:00\u003c00:00, 1200.89it/s, Materializing param=encoder.layer.0.output.dense.bias]      \rLoading weights:  10%|█         | 20/199 [00:00\u003c00:00, 1192.56it/s, Materializing param=encoder.layer.0.output.dense.bias]\rLoading weights:  11%|█         | 21/199 [00:00\u003c00:00, 1171.05it/s, Materializing param=encoder.layer.0.output.dense.weight]\rLoading weights:  11%|█         | 21/199 [00:00\u003c00:00, 1162.93it/s, Materializing param=encoder.layer.0.output.dense.weight]\rLoading weights:  11%|█         | 22/199 [00:00\u003c00:00, 1199.73it/s, Materializing param=encoder.layer.1.attention.output.LayerNorm.bias]\rLoading weights:  11%|█         | 22/199 [00:00\u003c00:00, 1171.47it/s, Materializing param=encoder.layer.1.attention.output.LayerNorm.bias]\rLoading weights:  12%|█▏        | 23/199 [00:00\u003c00:00, 1201.57it/s, Materializing param=encoder.layer.1.attention.output.LayerNorm.weight]\rLoading weights:  12%|█▏        | 23/199 [00:00\u003c00:00, 1193.89it/s, Materializing param=encoder.layer.1.attention.output.LayerNorm.weight]\rLoading weights:  12%|█▏        | 24/199 [00:00\u003c00:00, 1206.70it/s, Materializing param=encoder.layer.1.attention.output.dense.bias]      \rLoading weights:  12%|█▏        | 24/199 [00:00\u003c00:00, 1181.51it/s, Materializing param=encoder.layer.1.attention.output.dense.bias]\rLoading weights:  13%|█▎        | 25/199 [00:00\u003c00:00, 1196.68it/s, Materializing param=encoder.layer.1.attention.output.dense.weight]\rLoading weights:  13%|█▎        | 25/199 [00:00\u003c00:00, 1188.90it/s, Materializing param=encoder.layer.1.attention.output.dense.weight]\rLoading weights:  13%|█▎        | 26/199 [00:00\u003c00:00, 1214.16it/s, Materializing param=encoder.layer.1.attention.self.key.bias]      \rLoading weights:  13%|█▎        | 26/199 [00:00\u003c00:00, 1205.43it/s, Materializing param=encoder.layer.1.attention.self.key.bias]\rLoading weights:  14%|█▎        | 27/199 [00:00\u003c00:00, 1223.24it/s, Materializing param=encoder.layer.1.attention.self.key.weight]\rLoading weights:  14%|█▎        | 27/199 [00:00\u003c00:00, 1206.75it/s, Materializing param=encoder.layer.1.attention.self.key.weight]\rLoading weights:  14%|█▍        | 28/199 [00:00\u003c00:00, 1225.37it/s, Materializing param=encoder.layer.1.attention.self.query.bias]\rLoading weights:  14%|█▍        | 28/199 [00:00\u003c00:00, 1218.01it/s, Materializing param=encoder.layer.1.attention.self.query.bias]\rLoading weights:  15%|█▍        | 29/199 [00:00\u003c00:00, 1245.52it/s, Materializing param=encoder.layer.1.attention.self.query.weight]\rLoading weights:  15%|█▍        | 29/199 [00:00\u003c00:00, 1237.32it/s, Materializing param=encoder.layer.1.attention.self.query.weight]\rLoading weights:  15%|█▌        | 30/199 [00:00\u003c00:00, 1206.97it/s, Materializing param=encoder.layer.1.attention.self.value.bias]  \rLoading weights:  15%|█▌        | 30/199 [00:00\u003c00:00, 1201.16it/s, Materializing param=encoder.layer.1.attention.self.value.bias]\rLoading weights:  16%|█▌        | 31/199 [00:00\u003c00:00, 1225.77it/s, Materializing param=encoder.layer.1.attention.self.value.weight]\rLoading weights:  16%|█▌        | 31/199 [00:00\u003c00:00, 1191.92it/s, Materializing param=encoder.layer.1.attention.self.value.weight]\rLoading weights:  16%|█▌        | 32/199 [00:00\u003c00:00, 1142.96it/s, Materializing param=encoder.layer.1.intermediate.dense.bias]    \rLoading weights:  16%|█▌        | 32/199 [00:00\u003c00:00, 1136.18it/s, Materializing param=encoder.layer.1.intermediate.dense.bias]\rLoading weights:  17%|█▋        | 33/199 [00:00\u003c00:00, 1156.31it/s, Materializing param=encoder.layer.1.intermediate.dense.weight]\rLoading weights:  17%|█▋        | 33/199 [00:00\u003c00:00, 1150.00it/s, Materializing param=encoder.layer.1.intermediate.dense.weight]\rLoading weights:  17%|█▋        | 34/199 [00:00\u003c00:00, 1159.36it/s, Materializing param=encoder.layer.1.output.LayerNorm.bias]    \rLoading weights:  17%|█▋        | 34/199 [00:00\u003c00:00, 1153.26it/s, Materializing param=encoder.layer.1.output.LayerNorm.bias]\rLoading weights:  18%|█▊        | 35/199 [00:00\u003c00:00, 1174.12it/s, Materializing param=encoder.layer.1.output.LayerNorm.weight]\rLoading weights:  18%|█▊        | 35/199 [00:00\u003c00:00, 1168.27it/s, Materializing param=encoder.layer.1.output.LayerNorm.weight]\rLoading weights:  18%|█▊        | 36/199 [00:00\u003c00:00, 1154.17it/s, Materializing param=encoder.layer.1.output.dense.bias]      \rLoading weights:  18%|█▊        | 36/199 [00:00\u003c00:00, 1147.60it/s, Materializing param=encoder.layer.1.output.dense.bias]\rLoading weights:  19%|█▊        | 37/199 [00:00\u003c00:00, 1129.85it/s, Materializing param=encoder.layer.1.output.dense.weight]\rLoading weights:  19%|█▊        | 37/199 [00:00\u003c00:00, 1114.14it/s, Materializing param=encoder.layer.1.output.dense.weight]\rLoading weights:  19%|█▉        | 38/199 [00:00\u003c00:00, 1125.01it/s, Materializing param=encoder.layer.2.attention.output.LayerNorm.bias]\rLoading weights:  19%|█▉        | 38/199 [00:00\u003c00:00, 1119.92it/s, Materializing param=encoder.layer.2.attention.output.LayerNorm.bias]\rLoading weights:  20%|█▉        | 39/199 [00:00\u003c00:00, 1111.26it/s, Materializing param=encoder.layer.2.attention.output.LayerNorm.weight]\rLoading weights:  20%|█▉        | 39/199 [00:00\u003c00:00, 1105.97it/s, Materializing param=encoder.layer.2.attention.output.LayerNorm.weight]\rLoading weights:  20%|██        | 40/199 [00:00\u003c00:00, 1106.41it/s, Materializing param=encoder.layer.2.attention.output.dense.bias]      \rLoading weights:  20%|██        | 40/199 [00:00\u003c00:00, 1101.03it/s, Materializing param=encoder.layer.2.attention.output.dense.bias]\rLoading weights:  21%|██        | 41/199 [00:00\u003c00:00, 1100.44it/s, Materializing param=encoder.layer.2.attention.output.dense.weight]\rLoading weights:  21%|██        | 41/199 [00:00\u003c00:00, 1094.96it/s, Materializing param=encoder.layer.2.attention.output.dense.weight]\rLoading weights:  21%|██        | 42/199 [00:00\u003c00:00, 1101.16it/s, Materializing param=encoder.layer.2.attention.self.key.bias]      \rLoading weights:  21%|██        | 42/199 [00:00\u003c00:00, 1096.52it/s, Materializing param=encoder.layer.2.attention.self.key.bias]\rLoading weights:  22%|██▏       | 43/199 [00:00\u003c00:00, 1093.64it/s, Materializing param=encoder.layer.2.attention.self.key.weight]\rLoading weights:  22%|██▏       | 43/199 [00:00\u003c00:00, 1076.42it/s, Materializing param=encoder.layer.2.attention.self.key.weight]\rLoading weights:  22%|██▏       | 44/199 [00:00\u003c00:00, 1080.89it/s, Materializing param=encoder.layer.2.attention.self.query.bias]\rLoading weights:  22%|██▏       | 44/199 [00:00\u003c00:00, 1075.76it/s, Materializing param=encoder.layer.2.attention.self.query.bias]\rLoading weights:  23%|██▎       | 45/199 [00:00\u003c00:00, 1039.16it/s, Materializing param=encoder.layer.2.attention.self.query.weight]\rLoading weights:  23%|██▎       | 45/199 [00:00\u003c00:00, 1035.19it/s, Materializing param=encoder.layer.2.attention.self.query.weight]\rLoading weights:  23%|██▎       | 46/199 [00:00\u003c00:00, 1029.19it/s, Materializing param=encoder.layer.2.attention.self.value.bias]  \rLoading weights:  23%|██▎       | 46/199 [00:00\u003c00:00, 1023.84it/s, Materializing param=encoder.layer.2.attention.self.value.bias]\rLoading weights:  24%|██▎       | 47/199 [00:00\u003c00:00, 1008.32it/s, Materializing param=encoder.layer.2.attention.self.value.weight]\rLoading weights:  24%|██▎       | 47/199 [00:00\u003c00:00, 1005.22it/s, Materializing param=encoder.layer.2.attention.self.value.weight]\rLoading weights:  24%|██▍       | 48/199 [00:00\u003c00:00, 998.54it/s, Materializing param=encoder.layer.2.intermediate.dense.bias]     \rLoading weights:  24%|██▍       | 48/199 [00:00\u003c00:00, 990.36it/s, Materializing param=encoder.layer.2.intermediate.dense.bias]\rLoading weights:  25%|██▍       | 49/199 [00:00\u003c00:00, 983.12it/s, Materializing param=encoder.layer.2.intermediate.dense.weight]\rLoading weights:  25%|██▍       | 49/199 [00:00\u003c00:00, 965.46it/s, Materializing param=encoder.layer.2.intermediate.dense.weight]\rLoading weights:  25%|██▌       | 50/199 [00:00\u003c00:00, 958.35it/s, Materializing param=encoder.layer.2.output.LayerNorm.bias]    \rLoading weights:  25%|██▌       | 50/199 [00:00\u003c00:00, 955.63it/s, Materializing param=encoder.layer.2.output.LayerNorm.bias]\rLoading weights:  26%|██▌       | 51/199 [00:00\u003c00:00, 968.04it/s, Materializing param=encoder.layer.2.output.LayerNorm.weight]\rLoading weights:  26%|██▌       | 51/199 [00:00\u003c00:00, 965.58it/s, Materializing param=encoder.layer.2.output.LayerNorm.weight]\rLoading weights:  26%|██▌       | 52/199 [00:00\u003c00:00, 977.22it/s, Materializing param=encoder.layer.2.output.dense.bias]      \rLoading weights:  26%|██▌       | 52/199 [00:00\u003c00:00, 975.10it/s, Materializing param=encoder.layer.2.output.dense.bias]\rLoading weights:  27%|██▋       | 53/199 [00:00\u003c00:00, 988.42it/s, Materializing param=encoder.layer.2.output.dense.weight]\rLoading weights:  27%|██▋       | 53/199 [00:00\u003c00:00, 972.79it/s, Materializing param=encoder.layer.2.output.dense.weight]\rLoading weights:  27%|██▋       | 54/199 [00:00\u003c00:00, 981.33it/s, Materializing param=encoder.layer.3.attention.output.LayerNorm.bias]\rLoading weights:  27%|██▋       | 54/199 [00:00\u003c00:00, 978.91it/s, Materializing param=encoder.layer.3.attention.output.LayerNorm.bias]\rLoading weights:  28%|██▊       | 55/199 [00:00\u003c00:00, 987.44it/s, Materializing param=encoder.layer.3.attention.output.LayerNorm.weight]\rLoading weights:  28%|██▊       | 55/199 [00:00\u003c00:00, 984.79it/s, Materializing param=encoder.layer.3.attention.output.LayerNorm.weight]\rLoading weights:  28%|██▊       | 56/199 [00:00\u003c00:00, 970.95it/s, Materializing param=encoder.layer.3.attention.output.dense.bias]      \rLoading weights:  28%|██▊       | 56/199 [00:00\u003c00:00, 968.81it/s, Materializing param=encoder.layer.3.attention.output.dense.bias]\rLoading weights:  29%|██▊       | 57/199 [00:00\u003c00:00, 967.32it/s, Materializing param=encoder.layer.3.attention.output.dense.weight]\rLoading weights:  29%|██▊       | 57/199 [00:00\u003c00:00, 962.07it/s, Materializing param=encoder.layer.3.attention.output.dense.weight]\rLoading weights:  29%|██▉       | 58/199 [00:00\u003c00:00, 972.93it/s, Materializing param=encoder.layer.3.attention.self.key.bias]      \rLoading weights:  29%|██▉       | 58/199 [00:00\u003c00:00, 970.65it/s, Materializing param=encoder.layer.3.attention.self.key.bias]\rLoading weights:  30%|██▉       | 59/199 [00:00\u003c00:00, 974.40it/s, Materializing param=encoder.layer.3.attention.self.key.weight]\rLoading weights:  30%|██▉       | 59/199 [00:00\u003c00:00, 964.46it/s, Materializing param=encoder.layer.3.attention.self.key.weight]\rLoading weights:  30%|███       | 60/199 [00:00\u003c00:00, 969.21it/s, Materializing param=encoder.layer.3.attention.self.query.bias]\rLoading weights:  30%|███       | 60/199 [00:00\u003c00:00, 956.73it/s, Materializing param=encoder.layer.3.attention.self.query.bias]\rLoading weights:  31%|███       | 61/199 [00:00\u003c00:00, 967.62it/s, Materializing param=encoder.layer.3.attention.self.query.weight]\rLoading weights:  31%|███       | 61/199 [00:00\u003c00:00, 965.55it/s, Materializing param=encoder.layer.3.attention.self.query.weight]\rLoading weights:  31%|███       | 62/199 [00:00\u003c00:00, 976.93it/s, Materializing param=encoder.layer.3.attention.self.value.bias]  \rLoading weights:  31%|███       | 62/199 [00:00\u003c00:00, 972.15it/s, Materializing param=encoder.layer.3.attention.self.value.bias]\rLoading weights:  32%|███▏      | 63/199 [00:00\u003c00:00, 975.16it/s, Materializing param=encoder.layer.3.attention.self.value.weight]\rLoading weights:  32%|███▏      | 63/199 [00:00\u003c00:00, 969.36it/s, Materializing param=encoder.layer.3.attention.self.value.weight]\rLoading weights:  32%|███▏      | 64/199 [00:00\u003c00:00, 975.59it/s, Materializing param=encoder.layer.3.intermediate.dense.bias]    \rLoading weights:  32%|███▏      | 64/199 [00:00\u003c00:00, 967.56it/s, Materializing param=encoder.layer.3.intermediate.dense.bias]\rLoading weights:  33%|███▎      | 65/199 [00:00\u003c00:00, 977.43it/s, Materializing param=encoder.layer.3.intermediate.dense.weight]\rLoading weights:  33%|███▎      | 65/199 [00:00\u003c00:00, 967.70it/s, Materializing param=encoder.layer.3.intermediate.dense.weight]\rLoading weights:  33%|███▎      | 66/199 [00:00\u003c00:00, 977.86it/s, Materializing param=encoder.layer.3.output.LayerNorm.bias]    \rLoading weights:  33%|███▎      | 66/199 [00:00\u003c00:00, 970.35it/s, Materializing param=encoder.layer.3.output.LayerNorm.bias]\rLoading weights:  34%|███▎      | 67/199 [00:00\u003c00:00, 977.54it/s, Materializing param=encoder.layer.3.output.LayerNorm.weight]\rLoading weights:  34%|███▎      | 67/199 [00:00\u003c00:00, 975.59it/s, Materializing param=encoder.layer.3.output.LayerNorm.weight]\rLoading weights:  34%|███▍      | 68/199 [00:00\u003c00:00, 985.73it/s, Materializing param=encoder.layer.3.output.dense.bias]      \rLoading weights:  34%|███▍      | 68/199 [00:00\u003c00:00, 976.24it/s, Materializing param=encoder.layer.3.output.dense.bias]\rLoading weights:  35%|███▍      | 69/199 [00:00\u003c00:00, 983.96it/s, Materializing param=encoder.layer.3.output.dense.weight]\rLoading weights:  35%|███▍      | 69/199 [00:00\u003c00:00, 981.90it/s, Materializing param=encoder.layer.3.output.dense.weight]\rLoading weights:  35%|███▌      | 70/199 [00:00\u003c00:00, 985.99it/s, Materializing param=encoder.layer.4.attention.output.LayerNorm.bias]\rLoading weights:  35%|███▌      | 70/199 [00:00\u003c00:00, 984.52it/s, Materializing param=encoder.layer.4.attention.output.LayerNorm.bias]\rLoading weights:  36%|███▌      | 71/199 [00:00\u003c00:00, 993.08it/s, Materializing param=encoder.layer.4.attention.output.LayerNorm.weight]\rLoading weights:  36%|███▌      | 71/199 [00:00\u003c00:00, 990.90it/s, Materializing param=encoder.layer.4.attention.output.LayerNorm.weight]\rLoading weights:  36%|███▌      | 72/199 [00:00\u003c00:00, 987.91it/s, Materializing param=encoder.layer.4.attention.output.dense.bias]      \rLoading weights:  36%|███▌      | 72/199 [00:00\u003c00:00, 986.20it/s, Materializing param=encoder.layer.4.attention.output.dense.bias]\rLoading weights:  37%|███▋      | 73/199 [00:00\u003c00:00, 991.95it/s, Materializing param=encoder.layer.4.attention.output.dense.weight]\rLoading weights:  37%|███▋      | 73/199 [00:00\u003c00:00, 990.25it/s, Materializing param=encoder.layer.4.attention.output.dense.weight]\rLoading weights:  37%|███▋      | 74/199 [00:00\u003c00:00, 997.09it/s, Materializing param=encoder.layer.4.attention.self.key.bias]      \rLoading weights:  37%|███▋      | 74/199 [00:00\u003c00:00, 987.61it/s, Materializing param=encoder.layer.4.attention.self.key.bias]\rLoading weights:  38%|███▊      | 75/199 [00:00\u003c00:00, 990.43it/s, Materializing param=encoder.layer.4.attention.self.key.weight]\rLoading weights:  38%|███▊      | 75/199 [00:00\u003c00:00, 988.73it/s, Materializing param=encoder.layer.4.attention.self.key.weight]\rLoading weights:  38%|███▊      | 76/199 [00:00\u003c00:00, 997.06it/s, Materializing param=encoder.layer.4.attention.self.query.bias]\rLoading weights:  38%|███▊      | 76/199 [00:00\u003c00:00, 995.23it/s, Materializing param=encoder.layer.4.attention.self.query.bias]\rLoading weights:  39%|███▊      | 77/199 [00:00\u003c00:00, 1001.75it/s, Materializing param=encoder.layer.4.attention.self.query.weight]\rLoading weights:  39%|███▊      | 77/199 [00:00\u003c00:00, 1000.09it/s, Materializing param=encoder.layer.4.attention.self.query.weight]\rLoading weights:  39%|███▉      | 78/199 [00:00\u003c00:00, 1003.24it/s, Materializing param=encoder.layer.4.attention.self.value.bias]  \rLoading weights:  39%|███▉      | 78/199 [00:00\u003c00:00, 999.57it/s, Materializing param=encoder.layer.4.attention.self.value.bias] \rLoading weights:  40%|███▉      | 79/199 [00:00\u003c00:00, 999.79it/s, Materializing param=encoder.layer.4.attention.self.value.weight]\rLoading weights:  40%|███▉      | 79/199 [00:00\u003c00:00, 998.17it/s, Materializing param=encoder.layer.4.attention.self.value.weight]\rLoading weights:  40%|████      | 80/199 [00:00\u003c00:00, 1000.92it/s, Materializing param=encoder.layer.4.intermediate.dense.bias]   \rLoading weights:  40%|████      | 80/199 [00:00\u003c00:00, 999.12it/s, Materializing param=encoder.layer.4.intermediate.dense.bias] \rLoading weights:  41%|████      | 81/199 [00:00\u003c00:00, 1003.40it/s, Materializing param=encoder.layer.4.intermediate.dense.weight]\rLoading weights:  41%|████      | 81/199 [00:00\u003c00:00, 1002.03it/s, Materializing param=encoder.layer.4.intermediate.dense.weight]\rLoading weights:  41%|████      | 82/199 [00:00\u003c00:00, 997.40it/s, Materializing param=encoder.layer.4.output.LayerNorm.bias]     \rLoading weights:  41%|████      | 82/199 [00:00\u003c00:00, 989.71it/s, Materializing param=encoder.layer.4.output.LayerNorm.bias]\rLoading weights:  42%|████▏     | 83/199 [00:00\u003c00:00, 993.92it/s, Materializing param=encoder.layer.4.output.LayerNorm.weight]\rLoading weights:  42%|████▏     | 83/199 [00:00\u003c00:00, 991.90it/s, Materializing param=encoder.layer.4.output.LayerNorm.weight]\rLoading weights:  42%|████▏     | 84/199 [00:00\u003c00:00, 987.31it/s, Materializing param=encoder.layer.4.output.dense.bias]      \rLoading weights:  42%|████▏     | 84/199 [00:00\u003c00:00, 982.72it/s, Materializing param=encoder.layer.4.output.dense.bias]\rLoading weights:  43%|████▎     | 85/199 [00:00\u003c00:00, 984.82it/s, Materializing param=encoder.layer.4.output.dense.weight]\rLoading weights:  43%|████▎     | 85/199 [00:00\u003c00:00, 980.18it/s, Materializing param=encoder.layer.4.output.dense.weight]\rLoading weights:  43%|████▎     | 86/199 [00:00\u003c00:00, 984.50it/s, Materializing param=encoder.layer.5.attention.output.LayerNorm.bias]\rLoading weights:  43%|████▎     | 86/199 [00:00\u003c00:00, 982.78it/s, Materializing param=encoder.layer.5.attention.output.LayerNorm.bias]\rLoading weights:  44%|████▎     | 87/199 [00:00\u003c00:00, 988.44it/s, Materializing param=encoder.layer.5.attention.output.LayerNorm.weight]\rLoading weights:  44%|████▎     | 87/199 [00:00\u003c00:00, 984.47it/s, Materializing param=encoder.layer.5.attention.output.LayerNorm.weight]\rLoading weights:  44%|████▍     | 88/199 [00:00\u003c00:00, 989.12it/s, Materializing param=encoder.layer.5.attention.output.dense.bias]      \rLoading weights:  44%|████▍     | 88/199 [00:00\u003c00:00, 984.67it/s, Materializing param=encoder.layer.5.attention.output.dense.bias]\rLoading weights:  45%|████▍     | 89/199 [00:00\u003c00:00, 980.85it/s, Materializing param=encoder.layer.5.attention.output.dense.weight]\rLoading weights:  45%|████▍     | 89/199 [00:00\u003c00:00, 979.57it/s, Materializing param=encoder.layer.5.attention.output.dense.weight]\rLoading weights:  45%|████▌     | 90/199 [00:00\u003c00:00, 986.18it/s, Materializing param=encoder.layer.5.attention.self.key.bias]      \rLoading weights:  45%|████▌     | 90/199 [00:00\u003c00:00, 980.71it/s, Materializing param=encoder.layer.5.attention.self.key.bias]\rLoading weights:  46%|████▌     | 91/199 [00:00\u003c00:00, 988.48it/s, Materializing param=encoder.layer.5.attention.self.key.weight]\rLoading weights:  46%|████▌     | 91/199 [00:00\u003c00:00, 987.02it/s, Materializing param=encoder.layer.5.attention.self.key.weight]\rLoading weights:  46%|████▌     | 92/199 [00:00\u003c00:00, 982.21it/s, Materializing param=encoder.layer.5.attention.self.query.bias]\rLoading weights:  46%|████▌     | 92/199 [00:00\u003c00:00, 975.71it/s, Materializing param=encoder.layer.5.attention.self.query.bias]\rLoading weights:  47%|████▋     | 93/199 [00:00\u003c00:00, 982.13it/s, Materializing param=encoder.layer.5.attention.self.query.weight]\rLoading weights:  47%|████▋     | 93/199 [00:00\u003c00:00, 980.92it/s, Materializing param=encoder.layer.5.attention.self.query.weight]\rLoading weights:  47%|████▋     | 94/199 [00:00\u003c00:00, 985.60it/s, Materializing param=encoder.layer.5.attention.self.value.bias]  \rLoading weights:  47%|████▋     | 94/199 [00:00\u003c00:00, 976.50it/s, Materializing param=encoder.layer.5.attention.self.value.bias]\rLoading weights:  48%|████▊     | 95/199 [00:00\u003c00:00, 984.54it/s, Materializing param=encoder.layer.5.attention.self.value.weight]\rLoading weights:  48%|████▊     | 95/199 [00:00\u003c00:00, 983.18it/s, Materializing param=encoder.layer.5.attention.self.value.weight]\rLoading weights:  48%|████▊     | 96/199 [00:00\u003c00:00, 991.07it/s, Materializing param=encoder.layer.5.intermediate.dense.bias]    \rLoading weights:  48%|████▊     | 96/199 [00:00\u003c00:00, 989.68it/s, Materializing param=encoder.layer.5.intermediate.dense.bias]\rLoading weights:  49%|████▊     | 97/199 [00:00\u003c00:00, 997.59it/s, Materializing param=encoder.layer.5.intermediate.dense.weight]\rLoading weights:  49%|████▊     | 97/199 [00:00\u003c00:00, 996.47it/s, Materializing param=encoder.layer.5.intermediate.dense.weight]\rLoading weights:  49%|████▉     | 98/199 [00:00\u003c00:00, 1004.13it/s, Materializing param=encoder.layer.5.output.LayerNorm.bias]   \rLoading weights:  49%|████▉     | 98/199 [00:00\u003c00:00, 1003.16it/s, Materializing param=encoder.layer.5.output.LayerNorm.bias]\rLoading weights:  50%|████▉     | 99/199 [00:00\u003c00:00, 1011.06it/s, Materializing param=encoder.layer.5.output.LayerNorm.weight]\rLoading weights:  50%|████▉     | 99/199 [00:00\u003c00:00, 1010.03it/s, Materializing param=encoder.layer.5.output.LayerNorm.weight]\rLoading weights:  50%|█████     | 100/199 [00:00\u003c00:00, 1017.84it/s, Materializing param=encoder.layer.5.output.dense.bias]     \rLoading weights:  50%|█████     | 100/199 [00:00\u003c00:00, 1016.55it/s, Materializing param=encoder.layer.5.output.dense.bias]\rLoading weights:  51%|█████     | 101/199 [00:00\u003c00:00, 1024.14it/s, Materializing param=encoder.layer.5.output.dense.weight]\rLoading weights:  51%|█████     | 101/199 [00:00\u003c00:00, 1023.07it/s, Materializing param=encoder.layer.5.output.dense.weight]\rLoading weights:  51%|█████▏    | 102/199 [00:00\u003c00:00, 1030.88it/s, Materializing param=encoder.layer.6.attention.output.LayerNorm.bias]\rLoading weights:  51%|█████▏    | 102/199 [00:00\u003c00:00, 1029.74it/s, Materializing param=encoder.layer.6.attention.output.LayerNorm.bias]\rLoading weights:  52%|█████▏    | 103/199 [00:00\u003c00:00, 1037.44it/s, Materializing param=encoder.layer.6.attention.output.LayerNorm.weight]\rLoading weights:  52%|█████▏    | 103/199 [00:00\u003c00:00, 1036.27it/s, Materializing param=encoder.layer.6.attention.output.LayerNorm.weight]\rLoading weights:  52%|█████▏    | 104/199 [00:00\u003c00:00, 1043.64it/s, Materializing param=encoder.layer.6.attention.output.dense.bias]      \rLoading weights:  52%|█████▏    | 104/199 [00:00\u003c00:00, 1042.49it/s, Materializing param=encoder.layer.6.attention.output.dense.bias]\rLoading weights:  53%|█████▎    | 105/199 [00:00\u003c00:00, 1049.95it/s, Materializing param=encoder.layer.6.attention.output.dense.weight]\rLoading weights:  53%|█████▎    | 105/199 [00:00\u003c00:00, 1049.03it/s, Materializing param=encoder.layer.6.attention.output.dense.weight]\rLoading weights:  53%|█████▎    | 106/199 [00:00\u003c00:00, 1056.77it/s, Materializing param=encoder.layer.6.attention.output.dense.weight]\rLoading weights:  53%|█████▎    | 106/199 [00:00\u003c00:00, 1056.77it/s, Materializing param=encoder.layer.6.attention.self.key.bias]      \rLoading weights:  53%|█████▎    | 106/199 [00:00\u003c00:00, 1056.77it/s, Materializing param=encoder.layer.6.attention.self.key.bias]\rLoading weights:  54%|█████▍    | 107/199 [00:00\u003c00:00, 1056.77it/s, Materializing param=encoder.layer.6.attention.self.key.weight]\rLoading weights:  54%|█████▍    | 107/199 [00:00\u003c00:00, 1056.77it/s, Materializing param=encoder.layer.6.attention.self.key.weight]\rLoading weights:  54%|█████▍    | 108/199 [00:00\u003c00:00, 1056.77it/s, Materializing param=encoder.layer.6.attention.self.query.bias]\rLoading weights:  54%|█████▍    | 108/199 [00:00\u003c00:00, 1056.77it/s, Materializing param=encoder.layer.6.attention.self.query.bias]\rLoading weights:  55%|█████▍    | 109/199 [00:00\u003c00:00, 1056.77it/s, Materializing param=encoder.layer.6.attention.self.query.weight]\rLoading weights:  55%|█████▍    | 109/199 [00:00\u003c00:00, 1056.77it/s, Materializing param=encoder.layer.6.attention.self.query.weight]\rLoading weights:  55%|█████▌    | 110/199 [00:00\u003c00:00, 1056.77it/s, Materializing param=encoder.layer.6.attention.self.value.bias]  \rLoading weights:  55%|█████▌    | 110/199 [00:00\u003c00:00, 1056.77it/s, Materializing param=encoder.layer.6.attention.self.value.bias]\rLoading weights:  56%|█████▌    | 111/199 [00:00\u003c00:00, 1056.77it/s, Materializing param=encoder.layer.6.attention.self.value.weight]\rLoading weights:  56%|█████▌    | 111/199 [00:00\u003c00:00, 1056.77it/s, Materializing param=encoder.layer.6.attention.self.value.weight]\rLoading weights:  56%|█████▋    | 112/199 [00:00\u003c00:00, 1056.77it/s, Materializing param=encoder.layer.6.intermediate.dense.bias]    \rLoading weights:  56%|█████▋    | 112/199 [00:00\u003c00:00, 1056.77it/s, Materializing param=encoder.layer.6.intermediate.dense.bias]\rLoading weights:  57%|█████▋    | 113/199 [00:00\u003c00:00, 1056.77it/s, Materializing param=encoder.layer.6.intermediate.dense.weight]\rLoading weights:  57%|█████▋    | 113/199 [00:00\u003c00:00, 1056.77it/s, Materializing param=encoder.layer.6.intermediate.dense.weight]\rLoading weights:  57%|█████▋    | 114/199 [00:00\u003c00:00, 1056.77it/s, Materializing param=encoder.layer.6.output.LayerNorm.bias]    \rLoading weights:  57%|█████▋    | 114/199 [00:00\u003c00:00, 1056.77it/s, Materializing param=encoder.layer.6.output.LayerNorm.bias]\rLoading weights:  58%|█████▊    | 115/199 [00:00\u003c00:00, 1056.77it/s, Materializing param=encoder.layer.6.output.LayerNorm.weight]\rLoading weights:  58%|█████▊    | 115/199 [00:00\u003c00:00, 1056.77it/s, Materializing param=encoder.layer.6.output.LayerNorm.weight]\rLoading weights:  58%|█████▊    | 116/199 [00:00\u003c00:00, 1056.77it/s, Materializing param=encoder.layer.6.output.dense.bias]      \rLoading weights:  58%|█████▊    | 116/199 [00:00\u003c00:00, 1056.77it/s, Materializing param=encoder.layer.6.output.dense.bias]\rLoading weights:  59%|█████▉    | 117/199 [00:00\u003c00:00, 1056.77it/s, Materializing param=encoder.layer.6.output.dense.weight]\rLoading weights:  59%|█████▉    | 117/199 [00:00\u003c00:00, 1056.77it/s, Materializing param=encoder.layer.6.output.dense.weight]\rLoading weights:  59%|█████▉    | 118/199 [00:00\u003c00:00, 1056.77it/s, Materializing param=encoder.layer.7.attention.output.LayerNorm.bias]\rLoading weights:  59%|█████▉    | 118/199 [00:00\u003c00:00, 1056.77it/s, Materializing param=encoder.layer.7.attention.output.LayerNorm.bias]\rLoading weights:  60%|█████▉    | 119/199 [00:00\u003c00:00, 1056.77it/s, Materializing param=encoder.layer.7.attention.output.LayerNorm.weight]\rLoading weights:  60%|█████▉    | 119/199 [00:00\u003c00:00, 1056.77it/s, Materializing param=encoder.layer.7.attention.output.LayerNorm.weight]\rLoading weights:  60%|██████    | 120/199 [00:00\u003c00:00, 1056.77it/s, Materializing param=encoder.layer.7.attention.output.dense.bias]      \rLoading weights:  60%|██████    | 120/199 [00:00\u003c00:00, 1056.77it/s, Materializing param=encoder.layer.7.attention.output.dense.bias]\rLoading weights:  61%|██████    | 121/199 [00:00\u003c00:00, 1056.77it/s, Materializing param=encoder.layer.7.attention.output.dense.weight]\rLoading weights:  61%|██████    | 121/199 [00:00\u003c00:00, 1056.77it/s, Materializing param=encoder.layer.7.attention.output.dense.weight]\rLoading weights:  61%|██████▏   | 122/199 [00:00\u003c00:00, 1056.77it/s, Materializing param=encoder.layer.7.attention.self.key.bias]      \rLoading weights:  61%|██████▏   | 122/199 [00:00\u003c00:00, 1056.77it/s, Materializing param=encoder.layer.7.attention.self.key.bias]\rLoading weights:  62%|██████▏   | 123/199 [00:00\u003c00:00, 1056.77it/s, Materializing param=encoder.layer.7.attention.self.key.weight]\rLoading weights:  62%|██████▏   | 123/199 [00:00\u003c00:00, 1056.77it/s, Materializing param=encoder.layer.7.attention.self.key.weight]\rLoading weights:  62%|██████▏   | 124/199 [00:00\u003c00:00, 1056.77it/s, Materializing param=encoder.layer.7.attention.self.query.bias]\rLoading weights:  62%|██████▏   | 124/199 [00:00\u003c00:00, 1056.77it/s, Materializing param=encoder.layer.7.attention.self.query.bias]\rLoading weights:  63%|██████▎   | 125/199 [00:00\u003c00:00, 1056.77it/s, Materializing param=encoder.layer.7.attention.self.query.weight]\rLoading weights:  63%|██████▎   | 125/199 [00:00\u003c00:00, 1056.77it/s, Materializing param=encoder.layer.7.attention.self.query.weight]\rLoading weights:  63%|██████▎   | 126/199 [00:00\u003c00:00, 1056.77it/s, Materializing param=encoder.layer.7.attention.self.value.bias]  \rLoading weights:  63%|██████▎   | 126/199 [00:00\u003c00:00, 1056.77it/s, Materializing param=encoder.layer.7.attention.self.value.bias]\rLoading weights:  64%|██████▍   | 127/199 [00:00\u003c00:00, 1056.77it/s, Materializing param=encoder.layer.7.attention.self.value.weight]\rLoading weights:  64%|██████▍   | 127/199 [00:00\u003c00:00, 1056.77it/s, Materializing param=encoder.layer.7.attention.self.value.weight]\rLoading weights:  64%|██████▍   | 128/199 [00:00\u003c00:00, 1056.77it/s, Materializing param=encoder.layer.7.intermediate.dense.bias]    \rLoading weights:  64%|██████▍   | 128/199 [00:00\u003c00:00, 1056.77it/s, Materializing param=encoder.layer.7.intermediate.dense.bias]\rLoading weights:  65%|██████▍   | 129/199 [00:00\u003c00:00, 1056.77it/s, Materializing param=encoder.layer.7.intermediate.dense.weight]\rLoading weights:  65%|██████▍   | 129/199 [00:00\u003c00:00, 1056.77it/s, Materializing param=encoder.layer.7.intermediate.dense.weight]\rLoading weights:  65%|██████▌   | 130/199 [00:00\u003c00:00, 1056.77it/s, Materializing param=encoder.layer.7.output.LayerNorm.bias]    \rLoading weights:  65%|██████▌   | 130/199 [00:00\u003c00:00, 1056.77it/s, Materializing param=encoder.layer.7.output.LayerNorm.bias]\rLoading weights:  66%|██████▌   | 131/199 [00:00\u003c00:00, 1056.77it/s, Materializing param=encoder.layer.7.output.LayerNorm.weight]\rLoading weights:  66%|██████▌   | 131/199 [00:00\u003c00:00, 1056.77it/s, Materializing param=encoder.layer.7.output.LayerNorm.weight]\rLoading weights:  66%|██████▋   | 132/199 [00:00\u003c00:00, 1056.77it/s, Materializing param=encoder.layer.7.output.dense.bias]      \rLoading weights:  66%|██████▋   | 132/199 [00:00\u003c00:00, 1056.77it/s, Materializing param=encoder.layer.7.output.dense.bias]\rLoading weights:  67%|██████▋   | 133/199 [00:00\u003c00:00, 1056.77it/s, Materializing param=encoder.layer.7.output.dense.weight]\rLoading weights:  67%|██████▋   | 133/199 [00:00\u003c00:00, 1056.77it/s, Materializing param=encoder.layer.7.output.dense.weight]\rLoading weights:  67%|██████▋   | 134/199 [00:00\u003c00:00, 1056.77it/s, Materializing param=encoder.layer.8.attention.output.LayerNorm.bias]\rLoading weights:  67%|██████▋   | 134/199 [00:00\u003c00:00, 1056.77it/s, Materializing param=encoder.layer.8.attention.output.LayerNorm.bias]\rLoading weights:  68%|██████▊   | 135/199 [00:00\u003c00:00, 1056.77it/s, Materializing param=encoder.layer.8.attention.output.LayerNorm.weight]\rLoading weights:  68%|██████▊   | 135/199 [00:00\u003c00:00, 1056.77it/s, Materializing param=encoder.layer.8.attention.output.LayerNorm.weight]\rLoading weights:  68%|██████▊   | 136/199 [00:00\u003c00:00, 1056.77it/s, Materializing param=encoder.layer.8.attention.output.dense.bias]      \rLoading weights:  68%|██████▊   | 136/199 [00:00\u003c00:00, 1056.77it/s, Materializing param=encoder.layer.8.attention.output.dense.bias]\rLoading weights:  69%|██████▉   | 137/199 [00:00\u003c00:00, 1056.77it/s, Materializing param=encoder.layer.8.attention.output.dense.weight]\rLoading weights:  69%|██████▉   | 137/199 [00:00\u003c00:00, 1056.77it/s, Materializing param=encoder.layer.8.attention.output.dense.weight]\rLoading weights:  69%|██████▉   | 138/199 [00:00\u003c00:00, 1056.77it/s, Materializing param=encoder.layer.8.attention.self.key.bias]      \rLoading weights:  69%|██████▉   | 138/199 [00:00\u003c00:00, 1056.77it/s, Materializing param=encoder.layer.8.attention.self.key.bias]\rLoading weights:  70%|██████▉   | 139/199 [00:00\u003c00:00, 1056.77it/s, Materializing param=encoder.layer.8.attention.self.key.weight]\rLoading weights:  70%|██████▉   | 139/199 [00:00\u003c00:00, 1056.77it/s, Materializing param=encoder.layer.8.attention.self.key.weight]\rLoading weights:  70%|███████   | 140/199 [00:00\u003c00:00, 1056.77it/s, Materializing param=encoder.layer.8.attention.self.query.bias]\rLoading weights:  70%|███████   | 140/199 [00:00\u003c00:00, 1056.77it/s, Materializing param=encoder.layer.8.attention.self.query.bias]\rLoading weights:  71%|███████   | 141/199 [00:00\u003c00:00, 1056.77it/s, Materializing param=encoder.layer.8.attention.self.query.weight]\rLoading weights:  71%|███████   | 141/199 [00:00\u003c00:00, 1056.77it/s, Materializing param=encoder.layer.8.attention.self.query.weight]\rLoading weights:  71%|███████▏  | 142/199 [00:00\u003c00:00, 1056.77it/s, Materializing param=encoder.layer.8.attention.self.value.bias]  \rLoading weights:  71%|███████▏  | 142/199 [00:00\u003c00:00, 1056.77it/s, Materializing param=encoder.layer.8.attention.self.value.bias]\rLoading weights:  72%|███████▏  | 143/199 [00:00\u003c00:00, 1056.77it/s, Materializing param=encoder.layer.8.attention.self.value.weight]\rLoading weights:  72%|███████▏  | 143/199 [00:00\u003c00:00, 1056.77it/s, Materializing param=encoder.layer.8.attention.self.value.weight]\rLoading weights:  72%|███████▏  | 144/199 [00:00\u003c00:00, 1056.77it/s, Materializing param=encoder.layer.8.intermediate.dense.bias]    \rLoading weights:  72%|███████▏  | 144/199 [00:00\u003c00:00, 1056.77it/s, Materializing param=encoder.layer.8.intermediate.dense.bias]\rLoading weights:  73%|███████▎  | 145/199 [00:00\u003c00:00, 1056.77it/s, Materializing param=encoder.layer.8.intermediate.dense.weight]\rLoading weights:  73%|███████▎  | 145/199 [00:00\u003c00:00, 1056.77it/s, Materializing param=encoder.layer.8.intermediate.dense.weight]\rLoading weights:  73%|███████▎  | 146/199 [00:00\u003c00:00, 1056.77it/s, Materializing param=encoder.layer.8.output.LayerNorm.bias]    \rLoading weights:  73%|███████▎  | 146/199 [00:00\u003c00:00, 1056.77it/s, Materializing param=encoder.layer.8.output.LayerNorm.bias]\rLoading weights:  74%|███████▍  | 147/199 [00:00\u003c00:00, 1056.77it/s, Materializing param=encoder.layer.8.output.LayerNorm.weight]\rLoading weights:  74%|███████▍  | 147/199 [00:00\u003c00:00, 1056.77it/s, Materializing param=encoder.layer.8.output.LayerNorm.weight]\rLoading weights:  74%|███████▍  | 148/199 [00:00\u003c00:00, 1056.77it/s, Materializing param=encoder.layer.8.output.dense.bias]      \rLoading weights:  74%|███████▍  | 148/199 [00:00\u003c00:00, 1056.77it/s, Materializing param=encoder.layer.8.output.dense.bias]\rLoading weights:  75%|███████▍  | 149/199 [00:00\u003c00:00, 1056.77it/s, Materializing param=encoder.layer.8.output.dense.weight]\rLoading weights:  75%|███████▍  | 149/199 [00:00\u003c00:00, 1056.77it/s, Materializing param=encoder.layer.8.output.dense.weight]\rLoading weights:  75%|███████▌  | 150/199 [00:00\u003c00:00, 1056.77it/s, Materializing param=encoder.layer.9.attention.output.LayerNorm.bias]\rLoading weights:  75%|███████▌  | 150/199 [00:00\u003c00:00, 1056.77it/s, Materializing param=encoder.layer.9.attention.output.LayerNorm.bias]\rLoading weights:  76%|███████▌  | 151/199 [00:00\u003c00:00, 1056.77it/s, Materializing param=encoder.layer.9.attention.output.LayerNorm.weight]\rLoading weights:  76%|███████▌  | 151/199 [00:00\u003c00:00, 1056.77it/s, Materializing param=encoder.layer.9.attention.output.LayerNorm.weight]\rLoading weights:  76%|███████▋  | 152/199 [00:00\u003c00:00, 1056.77it/s, Materializing param=encoder.layer.9.attention.output.dense.bias]      \rLoading weights:  76%|███████▋  | 152/199 [00:00\u003c00:00, 1056.77it/s, Materializing param=encoder.layer.9.attention.output.dense.bias]\rLoading weights:  77%|███████▋  | 153/199 [00:00\u003c00:00, 1056.77it/s, Materializing param=encoder.layer.9.attention.output.dense.weight]\rLoading weights:  77%|███████▋  | 153/199 [00:00\u003c00:00, 1056.77it/s, Materializing param=encoder.layer.9.attention.output.dense.weight]\rLoading weights:  77%|███████▋  | 154/199 [00:00\u003c00:00, 1056.77it/s, Materializing param=encoder.layer.9.attention.self.key.bias]      \rLoading weights:  77%|███████▋  | 154/199 [00:00\u003c00:00, 1056.77it/s, Materializing param=encoder.layer.9.attention.self.key.bias]\rLoading weights:  78%|███████▊  | 155/199 [00:00\u003c00:00, 1056.77it/s, Materializing param=encoder.layer.9.attention.self.key.weight]\rLoading weights:  78%|███████▊  | 155/199 [00:00\u003c00:00, 1056.77it/s, Materializing param=encoder.layer.9.attention.self.key.weight]\rLoading weights:  78%|███████▊  | 156/199 [00:00\u003c00:00, 1056.77it/s, Materializing param=encoder.layer.9.attention.self.query.bias]\rLoading weights:  78%|███████▊  | 156/199 [00:00\u003c00:00, 1056.77it/s, Materializing param=encoder.layer.9.attention.self.query.bias]\rLoading weights:  79%|███████▉  | 157/199 [00:00\u003c00:00, 1056.77it/s, Materializing param=encoder.layer.9.attention.self.query.weight]\rLoading weights:  79%|███████▉  | 157/199 [00:00\u003c00:00, 1056.77it/s, Materializing param=encoder.layer.9.attention.self.query.weight]\rLoading weights:  79%|███████▉  | 158/199 [00:00\u003c00:00, 1056.77it/s, Materializing param=encoder.layer.9.attention.self.value.bias]  \rLoading weights:  79%|███████▉  | 158/199 [00:00\u003c00:00, 1056.77it/s, Materializing param=encoder.layer.9.attention.self.value.bias]\rLoading weights:  80%|███████▉  | 159/199 [00:00\u003c00:00, 1056.77it/s, Materializing param=encoder.layer.9.attention.self.value.weight]\rLoading weights:  80%|███████▉  | 159/199 [00:00\u003c00:00, 1056.77it/s, Materializing param=encoder.layer.9.attention.self.value.weight]\rLoading weights:  80%|████████  | 160/199 [00:00\u003c00:00, 1056.77it/s, Materializing param=encoder.layer.9.intermediate.dense.bias]    \rLoading weights:  80%|████████  | 160/199 [00:00\u003c00:00, 1056.77it/s, Materializing param=encoder.layer.9.intermediate.dense.bias]\rLoading weights:  81%|████████  | 161/199 [00:00\u003c00:00, 1056.77it/s, Materializing param=encoder.layer.9.intermediate.dense.weight]\rLoading weights:  81%|████████  | 161/199 [00:00\u003c00:00, 1056.77it/s, Materializing param=encoder.layer.9.intermediate.dense.weight]\rLoading weights:  81%|████████▏ | 162/199 [00:00\u003c00:00, 1056.77it/s, Materializing param=encoder.layer.9.output.LayerNorm.bias]    \rLoading weights:  81%|████████▏ | 162/199 [00:00\u003c00:00, 1056.77it/s, Materializing param=encoder.layer.9.output.LayerNorm.bias]\rLoading weights:  82%|████████▏ | 163/199 [00:00\u003c00:00, 1056.77it/s, Materializing param=encoder.layer.9.output.LayerNorm.weight]\rLoading weights:  82%|████████▏ | 163/199 [00:00\u003c00:00, 1056.77it/s, Materializing param=encoder.layer.9.output.LayerNorm.weight]\rLoading weights:  82%|████████▏ | 164/199 [00:00\u003c00:00, 1056.77it/s, Materializing param=encoder.layer.9.output.dense.bias]      \rLoading weights:  82%|████████▏ | 164/199 [00:00\u003c00:00, 1056.77it/s, Materializing param=encoder.layer.9.output.dense.bias]\rLoading weights:  83%|████████▎ | 165/199 [00:00\u003c00:00, 1056.77it/s, Materializing param=encoder.layer.9.output.dense.weight]\rLoading weights:  83%|████████▎ | 165/199 [00:00\u003c00:00, 1056.77it/s, Materializing param=encoder.layer.9.output.dense.weight]\rLoading weights:  83%|████████▎ | 166/199 [00:00\u003c00:00, 1056.77it/s, Materializing param=encoder.layer.10.attention.output.LayerNorm.bias]\rLoading weights:  83%|████████▎ | 166/199 [00:00\u003c00:00, 1056.77it/s, Materializing param=encoder.layer.10.attention.output.LayerNorm.bias]\rLoading weights:  84%|████████▍ | 167/199 [00:00\u003c00:00, 1056.77it/s, Materializing param=encoder.layer.10.attention.output.LayerNorm.weight]\rLoading weights:  84%|████████▍ | 167/199 [00:00\u003c00:00, 1056.77it/s, Materializing param=encoder.layer.10.attention.output.LayerNorm.weight]\rLoading weights:  84%|████████▍ | 168/199 [00:00\u003c00:00, 1056.77it/s, Materializing param=encoder.layer.10.attention.output.dense.bias]      \rLoading weights:  84%|████████▍ | 168/199 [00:00\u003c00:00, 1056.77it/s, Materializing param=encoder.layer.10.attention.output.dense.bias]\rLoading weights:  85%|████████▍ | 169/199 [00:00\u003c00:00, 1056.77it/s, Materializing param=encoder.layer.10.attention.output.dense.weight]\rLoading weights:  85%|████████▍ | 169/199 [00:00\u003c00:00, 1056.77it/s, Materializing param=encoder.layer.10.attention.output.dense.weight]\rLoading weights:  85%|████████▌ | 170/199 [00:00\u003c00:00, 1056.77it/s, Materializing param=encoder.layer.10.attention.self.key.bias]      \rLoading weights:  85%|████████▌ | 170/199 [00:00\u003c00:00, 1056.77it/s, Materializing param=encoder.layer.10.attention.self.key.bias]\rLoading weights:  86%|████████▌ | 171/199 [00:00\u003c00:00, 1056.77it/s, Materializing param=encoder.layer.10.attention.self.key.weight]\rLoading weights:  86%|████████▌ | 171/199 [00:00\u003c00:00, 1056.77it/s, Materializing param=encoder.layer.10.attention.self.key.weight]\rLoading weights:  86%|████████▋ | 172/199 [00:00\u003c00:00, 1056.77it/s, Materializing param=encoder.layer.10.attention.self.query.bias]\rLoading weights:  86%|████████▋ | 172/199 [00:00\u003c00:00, 1056.77it/s, Materializing param=encoder.layer.10.attention.self.query.bias]\rLoading weights:  87%|████████▋ | 173/199 [00:00\u003c00:00, 1056.77it/s, Materializing param=encoder.layer.10.attention.self.query.weight]\rLoading weights:  87%|████████▋ | 173/199 [00:00\u003c00:00, 1056.77it/s, Materializing param=encoder.layer.10.attention.self.query.weight]\rLoading weights:  87%|████████▋ | 174/199 [00:00\u003c00:00, 1056.77it/s, Materializing param=encoder.layer.10.attention.self.value.bias]  \rLoading weights:  87%|████████▋ | 174/199 [00:00\u003c00:00, 1056.77it/s, Materializing param=encoder.layer.10.attention.self.value.bias]\rLoading weights:  88%|████████▊ | 175/199 [00:00\u003c00:00, 1056.77it/s, Materializing param=encoder.layer.10.attention.self.value.weight]\rLoading weights:  88%|████████▊ | 175/199 [00:00\u003c00:00, 1056.77it/s, Materializing param=encoder.layer.10.attention.self.value.weight]\rLoading weights:  88%|████████▊ | 176/199 [00:00\u003c00:00, 1056.77it/s, Materializing param=encoder.layer.10.intermediate.dense.bias]    \rLoading weights:  88%|████████▊ | 176/199 [00:00\u003c00:00, 1056.77it/s, Materializing param=encoder.layer.10.intermediate.dense.bias]\rLoading weights:  89%|████████▉ | 177/199 [00:00\u003c00:00, 1056.77it/s, Materializing param=encoder.layer.10.intermediate.dense.weight]\rLoading weights:  89%|████████▉ | 177/199 [00:00\u003c00:00, 1056.77it/s, Materializing param=encoder.layer.10.intermediate.dense.weight]\rLoading weights:  89%|████████▉ | 178/199 [00:00\u003c00:00, 1056.77it/s, Materializing param=encoder.layer.10.output.LayerNorm.bias]    \rLoading weights:  89%|████████▉ | 178/199 [00:00\u003c00:00, 1056.77it/s, Materializing param=encoder.layer.10.output.LayerNorm.bias]\rLoading weights:  90%|████████▉ | 179/199 [00:00\u003c00:00, 1056.77it/s, Materializing param=encoder.layer.10.output.LayerNorm.weight]\rLoading weights:  90%|████████▉ | 179/199 [00:00\u003c00:00, 1056.77it/s, Materializing param=encoder.layer.10.output.LayerNorm.weight]\rLoading weights:  90%|█████████ | 180/199 [00:00\u003c00:00, 1056.77it/s, Materializing param=encoder.layer.10.output.dense.bias]      \rLoading weights:  90%|█████████ | 180/199 [00:00\u003c00:00, 1056.77it/s, Materializing param=encoder.layer.10.output.dense.bias]\rLoading weights:  91%|█████████ | 181/199 [00:00\u003c00:00, 1056.77it/s, Materializing param=encoder.layer.10.output.dense.weight]\rLoading weights:  91%|█████████ | 181/199 [00:00\u003c00:00, 1056.77it/s, Materializing param=encoder.layer.10.output.dense.weight]\rLoading weights:  91%|█████████▏| 182/199 [00:00\u003c00:00, 1056.77it/s, Materializing param=encoder.layer.11.attention.output.LayerNorm.bias]\rLoading weights:  91%|█████████▏| 182/199 [00:00\u003c00:00, 1056.77it/s, Materializing param=encoder.layer.11.attention.output.LayerNorm.bias]\rLoading weights:  92%|█████████▏| 183/199 [00:00\u003c00:00, 1056.77it/s, Materializing param=encoder.layer.11.attention.output.LayerNorm.weight]\rLoading weights:  92%|█████████▏| 183/199 [00:00\u003c00:00, 1056.77it/s, Materializing param=encoder.layer.11.attention.output.LayerNorm.weight]\rLoading weights:  92%|█████████▏| 184/199 [00:00\u003c00:00, 1056.77it/s, Materializing param=encoder.layer.11.attention.output.dense.bias]      \rLoading weights:  92%|█████████▏| 184/199 [00:00\u003c00:00, 1056.77it/s, Materializing param=encoder.layer.11.attention.output.dense.bias]\rLoading weights:  93%|█████████▎| 185/199 [00:00\u003c00:00, 1056.77it/s, Materializing param=encoder.layer.11.attention.output.dense.weight]\rLoading weights:  93%|█████████▎| 185/199 [00:00\u003c00:00, 1056.77it/s, Materializing param=encoder.layer.11.attention.output.dense.weight]\rLoading weights:  93%|█████████▎| 186/199 [00:00\u003c00:00, 1056.77it/s, Materializing param=encoder.layer.11.attention.self.key.bias]      \rLoading weights:  93%|█████████▎| 186/199 [00:00\u003c00:00, 1056.77it/s, Materializing param=encoder.layer.11.attention.self.key.bias]\rLoading weights:  94%|█████████▍| 187/199 [00:00\u003c00:00, 1056.77it/s, Materializing param=encoder.layer.11.attention.self.key.weight]\rLoading weights:  94%|█████████▍| 187/199 [00:00\u003c00:00, 1056.77it/s, Materializing param=encoder.layer.11.attention.self.key.weight]\rLoading weights:  94%|█████████▍| 188/199 [00:00\u003c00:00, 1056.77it/s, Materializing param=encoder.layer.11.attention.self.query.bias]\rLoading weights:  94%|█████████▍| 188/199 [00:00\u003c00:00, 1056.77it/s, Materializing param=encoder.layer.11.attention.self.query.bias]\rLoading weights:  95%|█████████▍| 189/199 [00:00\u003c00:00, 1056.77it/s, Materializing param=encoder.layer.11.attention.self.query.weight]\rLoading weights:  95%|█████████▍| 189/199 [00:00\u003c00:00, 1056.77it/s, Materializing param=encoder.layer.11.attention.self.query.weight]\rLoading weights:  95%|█████████▌| 190/199 [00:00\u003c00:00, 1056.77it/s, Materializing param=encoder.layer.11.attention.self.value.bias]  \rLoading weights:  95%|█████████▌| 190/199 [00:00\u003c00:00, 1056.77it/s, Materializing param=encoder.layer.11.attention.self.value.bias]\rLoading weights:  96%|█████████▌| 191/199 [00:00\u003c00:00, 1056.77it/s, Materializing param=encoder.layer.11.attention.self.value.weight]\rLoading weights:  96%|█████████▌| 191/199 [00:00\u003c00:00, 1056.77it/s, Materializing param=encoder.layer.11.attention.self.value.weight]\rLoading weights:  96%|█████████▋| 192/199 [00:00\u003c00:00, 1056.77it/s, Materializing param=encoder.layer.11.intermediate.dense.bias]    \rLoading weights:  96%|█████████▋| 192/199 [00:00\u003c00:00, 1056.77it/s, Materializing param=encoder.layer.11.intermediate.dense.bias]\rLoading weights:  97%|█████████▋| 193/199 [00:00\u003c00:00, 1056.77it/s, Materializing param=encoder.layer.11.intermediate.dense.weight]\rLoading weights:  97%|█████████▋| 193/199 [00:00\u003c00:00, 1056.77it/s, Materializing param=encoder.layer.11.intermediate.dense.weight]\rLoading weights:  97%|█████████▋| 194/199 [00:00\u003c00:00, 1056.77it/s, Materializing param=encoder.layer.11.output.LayerNorm.bias]    \rLoading weights:  97%|█████████▋| 194/199 [00:00\u003c00:00, 1056.77it/s, Materializing param=encoder.layer.11.output.LayerNorm.bias]\rLoading weights:  98%|█████████▊| 195/199 [00:00\u003c00:00, 1056.77it/s, Materializing param=encoder.layer.11.output.LayerNorm.weight]\rLoading weights:  98%|█████████▊| 195/199 [00:00\u003c00:00, 1056.77it/s, Materializing param=encoder.layer.11.output.LayerNorm.weight]\rLoading weights:  98%|█████████▊| 196/199 [00:00\u003c00:00, 1056.77it/s, Materializing param=encoder.layer.11.output.dense.bias]      \rLoading weights:  98%|█████████▊| 196/199 [00:00\u003c00:00, 1056.77it/s, Materializing param=encoder.layer.11.output.dense.bias]\rLoading weights:  99%|█████████▉| 197/199 [00:00\u003c00:00, 1056.77it/s, Materializing param=encoder.layer.11.output.dense.weight]\rLoading weights:  99%|█████████▉| 197/199 [00:00\u003c00:00, 1056.77it/s, Materializing param=encoder.layer.11.output.dense.weight]\rLoading weights:  99%|█████████▉| 198/199 [00:00\u003c00:00, 1056.77it/s, Materializing param=pooler.dense.bias]                   \rLoading weights:  99%|█████████▉| 198/199 [00:00\u003c00:00, 1056.77it/s, Materializing param=pooler.dense.bias]\rLoading weights: 100%|██████████| 199/199 [00:00\u003c00:00, 1056.77it/s, Materializing param=pooler.dense.weight]\rLoading weights: 100%|██████████| 199/199 [00:00\u003c00:00, 1056.77it/s, Materializing param=pooler.dense.weight]\rLoading weights: 100%|██████████| 199/199 [00:00\u003c00:00, 1458.16it/s, Materializing param=pooler.dense.weight]\n"}
,{"stream_name":"stdout","time":2431.950907577,"data":"BertModel LOAD REPORT from: bert-base-uncased\n"}
,{"stream_name":"stdout","time":2431.950924465,"data":"Key                                        | Status     |  | \n"}
,{"stream_name":"stdout","time":2431.950929095,"data":"-------------------------------------------+------------+--+-\n"}
,{"stream_name":"stdout","time":2431.95093313,"data":"cls.seq_relationship.bias                  | UNEXPECTED |  | \n"}
,{"stream_name":"stdout","time":2431.950936779,"data":"cls.seq_relationship.weight                | UNEXPECTED |  | \n"}
,{"stream_name":"stdout","time":2431.95094046,"data":"cls.predictions.transform.dense.weight     | UNEXPECTED |  | \n"}
,{"stream_name":"stdout","time":2431.950944059,"data":"cls.predictions.transform.LayerNorm.bias   | UNEXPECTED |  | \n"}
,{"stream_name":"stdout","time":2431.950947915,"data":"cls.predictions.transform.dense.bias       | UNEXPECTED |  | \n"}
,{"stream_name":"stdout","time":2431.950951387,"data":"cls.predictions.transform.LayerNorm.weight | UNEXPECTED |  | \n"}
,{"stream_name":"stdout","time":2431.95095492,"data":"cls.predictions.bias                       | UNEXPECTED |  | \n"}
,{"stream_name":"stdout","time":2431.950958479,"data":"\n"}
,{"stream_name":"stdout","time":2431.9509617,"data":"Notes:\n"}
,{"stream_name":"stdout","time":2431.950965235,"data":"- UNEXPECTED\t:can be ignored when loading from different task/architecture; not ok if you expect identical arch.\n"}
,{"stream_name":"stdout","time":2457.653806788,"data":"model                                           Exists C / G-R           Add C / G-R      Mint+Add C / G-R     Deprecate C / G-R\n"}
,{"stream_name":"stdout","time":2457.653847328,"data":"--------------------------------------------------------------------------------------------------------------------------------\n"}
,{"stream_name":"stdout","time":2457.653852202,"data":"mine/gemma4-e4b                                92.0 / 90.7           37.0 / 75.0            0.0 / 0.0            69.7 / 70.8    \n"}
,{"stream_name":"stdout","time":2457.653856275,"data":"kg-aware/gpt-5.1/oracle                        65.7 / 53.2           59.0 / 50.9           38.5 / 43.5           40.0 / 35.2    \n"}
,{"stream_name":"stdout","time":2457.65385977,"data":"-\u003e /kaggle/working/results/emerge_dev350_v3_addv2_kaggle.soft.json\n"}
,{"stream_name":"stdout","time":2461.880794773,"data":"DONE\n"}
,{"stream_name":"stderr","time":2464.130210778,"data":"/usr/local/lib/python3.12/dist-packages/mistune.py:435: SyntaxWarning: invalid escape sequence '\\|'\n"}
,{"stream_name":"stderr","time":2464.130244643,"data":"  cells[i][c] = re.sub('\\\\\\\\\\|', '|', cell)\n"}
,{"stream_name":"stderr","time":2464.4649318,"data":"/usr/local/lib/python3.12/dist-packages/nbconvert/filters/filter_links.py:36: SyntaxWarning: invalid escape sequence '\\_'\n"}
,{"stream_name":"stderr","time":2464.464962874,"data":"  text = re.sub(r'_', '\\_', text) # Escape underscores in display text\n"}
,{"stream_name":"stderr","time":2465.128672671,"data":"[NbConvertApp] Converting notebook __script__.ipynb to html\n"}
,{"stream_name":"stderr","time":2466.66778119,"data":"[NbConvertApp] Writing 300460 bytes to __results__.html\n"}
]